{
  "annotations": {
    "list": [
      {
        "builtIn": 1,
        "datasource": "-- Grafana --",
        "enable": true,
        "hide": true,
        "iconColor": "rgba(0, 211, 255, 1)",
        "name": "Annotations & Alerts",
        "type": "dashboard"
      }
    ]
  },
  "description": "NOC LDG",
  "editable": true,
  "gnetId": 4080,
  "graphTooltip": 0,
  "id": 18,
  "iteration": 1589787631902,
  "links": [
    {
      "icon": "dashboard",
      "includeVars": false,
      "keepTime": true,
      "tags": [],
      "targetBlank": true,
      "title": "AD and DNS",
      "tooltip": "",
      "type": "link",
      "url": "http://10.10.10.26:3000/d/648EesxZz/ad-and-dns?orgId=1&refresh=5s"
    },
    {
      "icon": "dashboard",
      "includeVars": false,
      "keepTime": true,
      "tags": [],
      "targetBlank": true,
      "title": "Fortigate",
      "tooltip": "",
      "type": "link",
      "url": "http://10.10.10.26:3000/d/U0I0vj2Zzsad1/fortigate?orgId=1&refresh=5s"
    },
    {
      "icon": "dashboard",
      "includeVars": false,
      "keepTime": true,
      "tags": [],
      "targetBlank": true,
      "title": "Network Devices",
      "tooltip": "",
      "type": "link",
      "url": "http://10.10.10.26:3000/d/aI44X_vZk/network-devices"
    },
    {
      "icon": "dashboard",
      "includeVars": false,
      "keepTime": true,
      "tags": [],
      "targetBlank": true,
      "title": "Pfsense",
      "type": "link",
      "url": "http://10.10.10.26:3000/d/1U1DXvKmz/pfsense?orgId=1&refresh=5s&var-instance=10.10.10.54&var-port=9100&var-interval=30s&var-cpus=All&var-mountpoint=All"
    },
    {
      "icon": "dashboard",
      "keepTime": true,
      "tags": [],
      "targetBlank": true,
      "title": "SQL Server",
      "tooltip": "",
      "type": "link",
      "url": "http://10.10.10.26:3000/d/ZPir1AFiz/sql-server-overview?orgId=1&refresh=5s"
    },
    {
      "icon": "dashboard",
      "keepTime": true,
      "tags": [],
      "targetBlank": true,
      "title": "VMware ESXi",
      "type": "link",
      "url": "http://10.10.10.26:3000/d/_gg9LEqmk1111/vmware-esxi?orgId=1&refresh=5s"
    },
    {
      "icon": "dashboard",
      "keepTime": true,
      "tags": [],
      "targetBlank": true,
      "title": "Windows Server",
      "tooltip": "",
      "type": "link",
      "url": "http://10.10.10.26:3000/d/rvykW6zZk/windows-server?orgId=1&refresh=5s"
    }
  ],
  "panels": [
    {
      "cacheTimeout": null,
      "columns": [
        {
          "text": "Status",
          "value": "current"
        }
      ],
      "datasource": null,
      "fontSize": "100%",
      "gridPos": {
        "h": 14,
        "w": 4,
        "x": 0,
        "y": 0
      },
      "id": 30,
      "links": [],
      "options": {},
      "pageSize": null,
      "scroll": true,
      "showHeader": true,
      "sort": {
        "col": 0,
        "desc": true
      },
      "styles": [
        {
          "alias": "Time",
          "dateFormat": "YYYY-MM-DD HH:mm:ss",
          "link": true,
          "linkTargetBlank": false,
          "pattern": "Time",
          "type": "hidden"
        },
        {
          "alias": "",
          "colorMode": "row",
          "colors": [
            "#37872D",
            "rgba(237, 129, 40, 0.89)",
            "rgba(245, 54, 54, 0.9)"
          ],
          "decimals": 2,
          "link": false,
          "linkUrl": "",
          "mappingType": 1,
          "pattern": "/.*/",
          "preserveFormat": true,
          "sanitize": true,
          "thresholds": [],
          "type": "string",
          "unit": "short",
          "valueMaps": [
            {
              "text": "Up",
              "value": "1"
            },
            {
              "text": "Down",
              "value": "0"
            }
          ]
        },
        {
          "alias": "",
          "colorMode": null,
          "colors": [
            "rgba(245, 54, 54, 0.9)",
            "rgba(237, 129, 40, 0.89)",
            "rgba(50, 172, 45, 0.97)"
          ],
          "dateFormat": "YYYY-MM-DD HH:mm:ss",
          "decimals": 2,
          "mappingType": 1,
          "pattern": "/.*/",
          "preserveFormat": true,
          "sanitize": true,
          "thresholds": [],
          "type": "string",
          "unit": "short"
        }
      ],
      "targets": [
        {
          "expr": "up{job=\"windows\"} == 1 or up{job=\"windows\"} == 0",
          "format": "time_series",
          "intervalFactor": 1,
          "legendFormat": "{{hostname}}",
          "refId": "A"
        }
      ],
      "timeFrom": null,
      "timeShift": null,
      "title": "Windows Server Status",
      "transform": "timeseries_aggregations",
      "type": "table"
    },
    {
      "cacheTimeout": null,
      "columns": [
        {
          "text": "Status",
          "value": "current"
        }
      ],
      "datasource": null,
      "fontSize": "100%",
      "gridPos": {
        "h": 5,
        "w": 4,
        "x": 4,
        "y": 0
      },
      "id": 36,
      "links": [],
      "options": {},
      "pageSize": null,
      "scroll": true,
      "showHeader": true,
      "sort": {
        "col": 0,
        "desc": true
      },
      "styles": [
        {
          "alias": "Time",
          "dateFormat": "YYYY-MM-DD HH:mm:ss",
          "link": true,
          "linkTargetBlank": false,
          "pattern": "Time",
          "type": "hidden"
        },
        {
          "alias": "",
          "colorMode": "row",
          "colors": [
            "#37872D",
            "rgba(237, 129, 40, 0.89)",
            "rgba(245, 54, 54, 0.9)"
          ],
          "decimals": 2,
          "link": false,
          "linkUrl": "",
          "mappingType": 1,
          "pattern": "/.*/",
          "preserveFormat": true,
          "sanitize": true,
          "thresholds": [],
          "type": "string",
          "unit": "short",
          "valueMaps": [
            {
              "text": "Up",
              "value": "1"
            },
            {
              "text": "Down",
              "value": "0"
            }
          ]
        },
        {
          "alias": "",
          "colorMode": null,
          "colors": [
            "rgba(245, 54, 54, 0.9)",
            "rgba(237, 129, 40, 0.89)",
            "rgba(50, 172, 45, 0.97)"
          ],
          "dateFormat": "YYYY-MM-DD HH:mm:ss",
          "decimals": 2,
          "mappingType": 1,
          "pattern": "/.*/",
          "preserveFormat": true,
          "sanitize": true,
          "thresholds": [],
          "type": "string",
          "unit": "short"
        }
      ],
      "targets": [
        {
          "expr": "vmware_host_power_state == 1 or vmware_host_power_state == 0",
          "format": "time_series",
          "intervalFactor": 1,
          "legendFormat": "{{ host_name }}",
          "refId": "A"
        }
      ],
      "timeFrom": null,
      "timeShift": null,
      "title": "ESXi Host Status",
      "transform": "timeseries_aggregations",
      "type": "table"
    },
    {
      "content": "# INTERNET\nMonitoring bandwidth\n\n\n\n",
      "datasource": null,
      "gridPos": {
        "h": 2,
        "w": 3,
        "x": 8,
        "y": 0
      },
      "id": 60,
      "mode": "markdown",
      "options": {},
      "timeFrom": null,
      "timeShift": null,
      "title": "",
      "transparent": true,
      "type": "text"
    },
    {
      "aliasColors": {},
      "bars": false,
      "dashLength": 10,
      "dashes": false,
      "datasource": "Prometheus",
      "decimals": null,
      "fill": 1,
      "fillGradient": 0,
      "gridPos": {
        "h": 7,
        "w": 13,
        "x": 11,
        "y": 0
      },
      "hiddenSeries": false,
      "id": 53,
      "legend": {
        "alignAsTable": true,
        "avg": false,
        "current": true,
        "hideEmpty": true,
        "hideZero": true,
        "max": true,
        "min": false,
        "rightSide": true,
        "show": true,
        "sort": "current",
        "sortDesc": true,
        "total": false,
        "values": true
      },
      "lines": true,
      "linewidth": 1,
      "links": [],
      "nullPointMode": "connected",
      "options": {
        "dataLinks": []
      },
      "percentage": false,
      "pointradius": 5,
      "points": false,
      "renderer": "flot",
      "seriesOverrides": [],
      "spaceLength": 10,
      "stack": false,
      "steppedLine": false,
      "targets": [
        {
          "expr": "topk(1,rate(ifInOctets{job=\"$cisco\",ifName=~\"(Gi|Te).*\"}[5m])) * 8 ",
          "format": "time_series",
          "instant": false,
          "intervalFactor": 1,
          "legendFormat": "{{hostname}} - {{ifName}}",
          "refId": "A"
        }
      ],
      "thresholds": [],
      "timeFrom": null,
      "timeRegions": [],
      "timeShift": null,
      "title": "Top 10 Interfaces Traffic Receive",
      "tooltip": {
        "shared": true,
        "sort": 0,
        "value_type": "individual"
      },
      "type": "graph",
      "xaxis": {
        "buckets": null,
        "mode": "time",
        "name": null,
        "show": true,
        "values": []
      },
      "yaxes": [
        {
          "format": "bps",
          "label": null,
          "logBase": 1,
          "max": null,
          "min": null,
          "show": true
        },
        {
          "format": "short",
          "label": null,
          "logBase": 1,
          "max": null,
          "min": null,
          "show": true
        }
      ],
      "yaxis": {
        "align": false,
        "alignLevel": null
      }
    },
    {
      "cacheTimeout": null,
      "colorBackground": true,
      "colorPostfix": false,
      "colorPrefix": false,
      "colorValue": false,
      "colors": [
        "#A352CC",
        "rgba(237, 129, 40, 0.89)",
        "#d44a3a"
      ],
      "datasource": "Prometheus",
      "format": "bps",
      "gauge": {
        "maxValue": 104857600,
        "minValue": 0,
        "show": false,
        "thresholdLabels": false,
        "thresholdMarkers": true
      },
      "gridPos": {
        "h": 2,
        "w": 3,
        "x": 8,
        "y": 2
      },
      "id": 41,
      "interval": null,
      "links": [],
      "mappingType": 1,
      "mappingTypes": [
        {
          "name": "value to text",
          "value": 1
        },
        {
          "name": "range to text",
          "value": 2
        }
      ],
      "maxDataPoints": 100,
      "nullPointMode": "connected",
      "nullText": null,
      "options": {},
      "postfix": "",
      "postfixFontSize": "50%",
      "prefix": "",
      "prefixFontSize": "50%",
      "rangeMaps": [
        {
          "from": "null",
          "text": "N/A",
          "to": "null"
        }
      ],
      "sparkline": {
        "fillColor": "rgba(31, 118, 189, 0.18)",
        "full": true,
        "lineColor": "#C4162A",
        "show": true
      },
      "tableColumn": "",
      "targets": [
        {
          "expr": "irate(ifHCInOctets{job=\"fortigate\"}[5m]) * on (ifIndex) group_left(ifName) ifName{job=\"fortigate\",ifName=\"wan1\"} * 8",
          "format": "time_series",
          "intervalFactor": 1,
          "refId": "A"
        }
      ],
      "thresholds": "52428800,83886080",
      "title": "Wan 01 in (Minh Tu) ",
      "type": "singlestat",
      "valueFontSize": "70%",
      "valueMaps": [
        {
          "op": "=",
          "text": "N/A",
          "value": "null"
        }
      ],
      "valueName": "current"
    },
    {
      "cacheTimeout": null,
      "colorBackground": true,
      "colorValue": false,
      "colors": [
        "#3274D9",
        "rgba(237, 129, 40, 0.89)",
        "#d44a3a"
      ],
      "datasource": "Prometheus",
      "format": "bps",
      "gauge": {
        "maxValue": 104857600,
        "minValue": 0,
        "show": false,
        "thresholdLabels": false,
        "thresholdMarkers": true
      },
      "gridPos": {
        "h": 2,
        "w": 3,
        "x": 8,
        "y": 4
      },
      "id": 43,
      "interval": null,
      "links": [],
      "mappingType": 1,
      "mappingTypes": [
        {
          "name": "value to text",
          "value": 1
        },
        {
          "name": "range to text",
          "value": 2
        }
      ],
      "maxDataPoints": 100,
      "nullPointMode": "connected",
      "nullText": null,
      "options": {},
      "postfix": "",
      "postfixFontSize": "50%",
      "prefix": "",
      "prefixFontSize": "50%",
      "rangeMaps": [
        {
          "from": "null",
          "text": "N/A",
          "to": "null"
        }
      ],
      "sparkline": {
        "fillColor": "rgba(31, 118, 189, 0.18)",
        "full": false,
        "lineColor": "#C4162A",
        "show": true
      },
      "tableColumn": "",
      "targets": [
        {
          "expr": "irate(ifHCOutOctets{job=\"fortigate\"}[5m]) * on (ifIndex) group_left(ifName) ifName{job=\"fortigate\",ifName=\"wan1\"} * 8",
          "format": "time_series",
          "intervalFactor": 1,
          "refId": "A"
        }
      ],
      "thresholds": "52428800,83886080",
      "title": "Wan 01 out (Minh Tu)",
      "type": "singlestat",
      "valueFontSize": "70%",
      "valueMaps": [
        {
          "op": "=",
          "text": "N/A",
          "value": "null"
        }
      ],
      "valueName": "current"
    },
    {
      "cacheTimeout": null,
      "columns": [
        {
          "text": "Status",
          "value": "current"
        }
      ],
      "datasource": null,
      "fontSize": "100%",
      "gridPos": {
        "h": 9,
        "w": 4,
        "x": 4,
        "y": 5
      },
      "id": 39,
      "links": [],
      "options": {},
      "pageSize": null,
      "scroll": true,
      "showHeader": true,
      "sort": {
        "col": 0,
        "desc": true
      },
      "styles": [
        {
          "alias": "Time",
          "dateFormat": "YYYY-MM-DD HH:mm:ss",
          "link": true,
          "linkTargetBlank": false,
          "pattern": "Time",
          "type": "hidden"
        },
        {
          "alias": "",
          "colorMode": "row",
          "colors": [
            "#37872D",
            "rgba(237, 129, 40, 0.89)",
            "rgba(245, 54, 54, 0.9)"
          ],
          "decimals": 2,
          "link": false,
          "linkUrl": "",
          "mappingType": 1,
          "pattern": "/.*/",
          "preserveFormat": true,
          "sanitize": true,
          "thresholds": [],
          "type": "string",
          "unit": "short",
          "valueMaps": [
            {
              "text": "Up",
              "value": "1"
            },
            {
              "text": "Down",
              "value": "0"
            }
          ]
        },
        {
          "alias": "",
          "colorMode": null,
          "colors": [
            "rgba(245, 54, 54, 0.9)",
            "rgba(237, 129, 40, 0.89)",
            "rgba(50, 172, 45, 0.97)"
          ],
          "dateFormat": "YYYY-MM-DD HH:mm:ss",
          "decimals": 2,
          "mappingType": 1,
          "pattern": "/.*/",
          "preserveFormat": true,
          "sanitize": true,
          "thresholds": [],
          "type": "string",
          "unit": "short"
        }
      ],
      "targets": [
        {
          "expr": "up{job=\"fortigate\"} == 1 or up{job=\"fortigate\"} == 0",
          "format": "time_series",
          "intervalFactor": 1,
          "legendFormat": "{{ hostname }}",
          "refId": "A"
        },
        {
          "expr": "up{job=\"cisco\"} == 1 or up{job=\"cisco\"} == 0",
          "legendFormat": "{{hostname}}",
          "refId": "B"
        },
        {
          "expr": "up{job=\"pfsense\"} == 1 or up{job=\"pfsense\"} == 0",
          "legendFormat": "{{hostname}}",
          "refId": "C"
        }
      ],
      "timeFrom": null,
      "timeShift": null,
      "title": "Network Devices Status",
      "transform": "timeseries_aggregations",
      "type": "table"
    },
    {
      "cacheTimeout": null,
      "colorBackground": true,
      "colorValue": false,
      "colors": [
        "#A352CC",
        "rgba(237, 129, 40, 0.89)",
        "#d44a3a"
      ],
      "datasource": "Prometheus",
      "format": "bps",
      "gauge": {
        "maxValue": 104857600,
        "minValue": 0,
        "show": false,
        "thresholdLabels": false,
        "thresholdMarkers": true
      },
      "gridPos": {
        "h": 2,
        "w": 3,
        "x": 8,
        "y": 6
      },
      "id": 45,
      "interval": null,
      "links": [],
      "mappingType": 1,
      "mappingTypes": [
        {
          "name": "value to text",
          "value": 1
        },
        {
          "name": "range to text",
          "value": 2
        }
      ],
      "maxDataPoints": 100,
      "nullPointMode": "connected",
      "nullText": null,
      "options": {},
      "postfix": "",
      "postfixFontSize": "50%",
      "prefix": "",
      "prefixFontSize": "50%",
      "rangeMaps": [
        {
          "from": "null",
          "text": "N/A",
          "to": "null"
        }
      ],
      "sparkline": {
        "fillColor": "rgba(31, 118, 189, 0.18)",
        "full": true,
        "lineColor": "#C4162A",
        "show": true
      },
      "tableColumn": "",
      "targets": [
        {
          "expr": "irate(ifHCInOctets{job=\"fortigate\"}[5m]) * on (ifIndex) group_left(ifName) ifName{job=\"fortigate\",ifName=\"wan2\"} * 8",
          "format": "time_series",
          "intervalFactor": 1,
          "refId": "A"
        }
      ],
      "thresholds": "52428800,83886080",
      "title": "Wan 02 in (FPT) ",
      "type": "singlestat",
      "valueFontSize": "70%",
      "valueMaps": [
        {
          "op": "=",
          "text": "N/A",
          "value": "null"
        }
      ],
      "valueName": "current"
    },
    {
      "aliasColors": {},
      "bars": false,
      "dashLength": 10,
      "dashes": false,
      "datasource": "Prometheus",
      "decimals": null,
      "fill": 1,
      "fillGradient": 0,
      "gridPos": {
        "h": 7,
        "w": 13,
        "x": 11,
        "y": 7
      },
      "hiddenSeries": false,
      "id": 54,
      "legend": {
        "alignAsTable": true,
        "avg": false,
        "current": true,
        "hideEmpty": true,
        "hideZero": true,
        "max": true,
        "min": false,
        "rightSide": true,
        "show": true,
        "sort": "current",
        "sortDesc": true,
        "total": false,
        "values": true
      },
      "lines": true,
      "linewidth": 1,
      "links": [],
      "nullPointMode": "connected",
      "options": {
        "dataLinks": []
      },
      "percentage": false,
      "pointradius": 5,
      "points": false,
      "renderer": "flot",
      "seriesOverrides": [],
      "spaceLength": 10,
      "stack": false,
      "steppedLine": false,
      "targets": [
        {
          "expr": "topk(1, rate(ifOutOctets{job=\"$cisco\",ifName=~\"(Gi|Te).*\"}[5m])) * 8 ",
          "format": "time_series",
          "instant": false,
          "intervalFactor": 1,
          "legendFormat": "{{hostname}} - {{ifName}}",
          "refId": "A"
        }
      ],
      "thresholds": [],
      "timeFrom": null,
      "timeRegions": [],
      "timeShift": null,
      "title": "Top 15 Interfaces Traffic Send",
      "tooltip": {
        "shared": true,
        "sort": 0,
        "value_type": "individual"
      },
      "type": "graph",
      "xaxis": {
        "buckets": null,
        "mode": "time",
        "name": null,
        "show": true,
        "values": []
      },
      "yaxes": [
        {
          "format": "bps",
          "label": null,
          "logBase": 1,
          "max": null,
          "min": null,
          "show": true
        },
        {
          "format": "short",
          "label": null,
          "logBase": 1,
          "max": null,
          "min": null,
          "show": true
        }
      ],
      "yaxis": {
        "align": false,
        "alignLevel": null
      }
    },
    {
      "cacheTimeout": null,
      "colorBackground": true,
      "colorValue": false,
      "colors": [
        "#3274D9",
        "rgba(237, 129, 40, 0.89)",
        "#d44a3a"
      ],
      "datasource": "Prometheus",
      "format": "bps",
      "gauge": {
        "maxValue": 104857600,
        "minValue": 0,
        "show": false,
        "thresholdLabels": false,
        "thresholdMarkers": true
      },
      "gridPos": {
        "h": 2,
        "w": 3,
        "x": 8,
        "y": 8
      },
      "id": 47,
      "interval": null,
      "links": [],
      "mappingType": 1,
      "mappingTypes": [
        {
          "name": "value to text",
          "value": 1
        },
        {
          "name": "range to text",
          "value": 2
        }
      ],
      "maxDataPoints": 100,
      "nullPointMode": "connected",
      "nullText": null,
      "options": {},
      "postfix": "",
      "postfixFontSize": "50%",
      "prefix": "",
      "prefixFontSize": "50%",
      "rangeMaps": [
        {
          "from": "null",
          "text": "N/A",
          "to": "null"
        }
      ],
      "sparkline": {
        "fillColor": "rgba(31, 118, 189, 0.18)",
        "full": false,
        "lineColor": "#C4162A",
        "show": true
      },
      "tableColumn": "",
      "targets": [
        {
          "expr": "irate(ifHCOutOctets{job=\"fortigate\"}[5m]) * on (ifIndex) group_left(ifName) ifName{job=\"fortigate\",ifName=\"wan2\"} * 8",
          "format": "time_series",
          "intervalFactor": 1,
          "refId": "A"
        }
      ],
      "thresholds": "52428800,83886080",
      "title": "Wan 02 out (FPT)",
      "type": "singlestat",
      "valueFontSize": "70%",
      "valueMaps": [
        {
          "op": "=",
          "text": "N/A",
          "value": "null"
        }
      ],
      "valueName": "current"
    },
    {
      "cacheTimeout": null,
      "colorBackground": true,
      "colorValue": false,
      "colors": [
        "#A352CC",
        "rgba(237, 129, 40, 0.89)",
        "#d44a3a"
      ],
      "datasource": "Prometheus",
      "format": "bps",
      "gauge": {
        "maxValue": 104857600,
        "minValue": 0,
        "show": false,
        "thresholdLabels": false,
        "thresholdMarkers": true
      },
      "gridPos": {
        "h": 2,
        "w": 3,
        "x": 8,
        "y": 10
      },
      "id": 49,
      "interval": null,
      "links": [],
      "mappingType": 1,
      "mappingTypes": [
        {
          "name": "value to text",
          "value": 1
        },
        {
          "name": "range to text",
          "value": 2
        }
      ],
      "maxDataPoints": 100,
      "nullPointMode": "connected",
      "nullText": null,
      "options": {},
      "postfix": "",
      "postfixFontSize": "50%",
      "prefix": "",
      "prefixFontSize": "50%",
      "rangeMaps": [
        {
          "from": "null",
          "text": "N/A",
          "to": "null"
        }
      ],
      "sparkline": {
        "fillColor": "rgba(31, 118, 189, 0.18)",
        "full": true,
        "lineColor": "#C4162A",
        "show": true
      },
      "tableColumn": "",
      "targets": [
        {
          "expr": "irate(ifHCInOctets{job=\"fortigate\"}[5m]) * on (ifIndex) group_left(ifName) ifName{job=\"fortigate\",ifName=\"port1\"} * 8",
          "format": "time_series",
          "intervalFactor": 1,
          "refId": "A"
        }
      ],
      "thresholds": "52428800,83886080",
      "title": "Wan 03 in (VNPT)",
      "type": "singlestat",
      "valueFontSize": "70%",
      "valueMaps": [
        {
          "op": "=",
          "text": "N/A",
          "value": "null"
        }
      ],
      "valueName": "current"
    },
    {
      "cacheTimeout": null,
      "colorBackground": true,
      "colorValue": false,
      "colors": [
        "#3274D9",
        "rgba(237, 129, 40, 0.89)",
        "#d44a3a"
      ],
      "datasource": "Prometheus",
      "format": "bps",
      "gauge": {
        "maxValue": 104857600,
        "minValue": 0,
        "show": false,
        "thresholdLabels": false,
        "thresholdMarkers": true
      },
      "gridPos": {
        "h": 2,
        "w": 3,
        "x": 8,
        "y": 12
      },
      "id": 51,
      "interval": null,
      "links": [],
      "mappingType": 1,
      "mappingTypes": [
        {
          "name": "value to text",
          "value": 1
        },
        {
          "name": "range to text",
          "value": 2
        }
      ],
      "maxDataPoints": 100,
      "nullPointMode": "connected",
      "nullText": null,
      "options": {},
      "postfix": "",
      "postfixFontSize": "50%",
      "prefix": "",
      "prefixFontSize": "50%",
      "rangeMaps": [
        {
          "from": "null",
          "text": "N/A",
          "to": "null"
        }
      ],
      "sparkline": {
        "fillColor": "rgba(31, 118, 189, 0.18)",
        "full": false,
        "lineColor": "#C4162A",
        "show": true
      },
      "tableColumn": "",
      "targets": [
        {
          "expr": "irate(ifHCOutOctets{job=\"fortigate\"}[5m]) * on (ifIndex) group_left(ifName) ifName{job=\"fortigate\",ifName=\"port1\"} * 8",
          "format": "time_series",
          "intervalFactor": 1,
          "refId": "A"
        }
      ],
      "thresholds": "52428800,83886080",
      "title": "Wan 02 out (VNPT)",
      "type": "singlestat",
      "valueFontSize": "70%",
      "valueMaps": [
        {
          "op": "=",
          "text": "N/A",
          "value": "null"
        }
      ],
      "valueName": "current"
    },
    {
      "aliasColors": {},
      "bars": false,
      "dashLength": 10,
      "dashes": false,
      "datasource": null,
      "fill": 1,
      "fillGradient": 0,
      "gridPos": {
        "h": 7,
        "w": 11,
        "x": 0,
        "y": 14
      },
      "hiddenSeries": false,
      "id": 56,
      "legend": {
        "alignAsTable": true,
        "avg": false,
        "current": true,
        "hideZero": true,
        "max": true,
        "min": false,
        "rightSide": true,
        "show": true,
        "sort": "max",
        "sortDesc": true,
        "total": false,
        "values": true
      },
      "lines": true,
      "linewidth": 1,
      "links": [],
      "nullPointMode": "connected",
      "options": {
        "dataLinks": []
      },
      "percentage": false,
      "pointradius": 2,
      "points": false,
      "renderer": "flot",
      "seriesOverrides": [],
      "spaceLength": 10,
      "stack": false,
      "steppedLine": false,
      "targets": [
        {
          "expr": "rate(ifInErrors{job=\"$cisco\",ifName=~\"(Gi|Te).*\"}[5m])",
          "format": "time_series",
          "intervalFactor": 1,
          "legendFormat": "{{hostname}} - {{ifName}} In",
          "refId": "A"
        },
        {
          "expr": "rate(ifOutErrorss{job=\"$cisco\",ifName=~\"(Gi|Te).*\"}[5m])",
          "format": "time_series",
          "intervalFactor": 1,
          "legendFormat": "{{hostname}} - {{ifName}} Out",
          "refId": "B"
        }
      ],
      "thresholds": [],
      "timeFrom": null,
      "timeRegions": [],
      "timeShift": null,
      "title": "Interface Errors",
      "tooltip": {
        "shared": true,
        "sort": 0,
        "value_type": "individual"
      },
      "type": "graph",
      "xaxis": {
        "buckets": null,
        "mode": "time",
        "name": null,
        "show": true,
        "values": []
      },
      "yaxes": [
        {
          "format": "pps",
          "label": null,
          "logBase": 1,
          "max": null,
          "min": null,
          "show": true
        },
        {
          "format": "short",
          "label": null,
          "logBase": 1,
          "max": null,
          "min": null,
          "show": true
        }
      ],
      "yaxis": {
        "align": false,
        "alignLevel": null
      }
    },
    {
      "aliasColors": {},
      "bars": false,
      "dashLength": 10,
      "dashes": false,
      "datasource": null,
      "fill": 1,
      "fillGradient": 0,
      "gridPos": {
        "h": 7,
        "w": 13,
        "x": 11,
        "y": 14
      },
      "hiddenSeries": false,
      "id": 58,
      "legend": {
        "alignAsTable": true,
        "avg": false,
        "current": true,
        "hideZero": true,
        "max": true,
        "min": false,
        "rightSide": true,
        "show": true,
        "sort": "max",
        "sortDesc": true,
        "total": false,
        "values": true
      },
      "lines": true,
      "linewidth": 1,
      "links": [],
      "nullPointMode": "connected",
      "options": {
        "dataLinks": []
      },
      "percentage": false,
      "pointradius": 2,
      "points": false,
      "renderer": "flot",
      "seriesOverrides": [],
      "spaceLength": 10,
      "stack": false,
      "steppedLine": false,
      "targets": [
        {
          "expr": "rate(ifOutDiscards{job=\"$cisco\",ifName=~\"(Gi|Te).*\"}[5m])",
          "format": "time_series",
          "intervalFactor": 1,
          "legendFormat": "{{hostname}} - {{ifName}} Out",
          "refId": "A"
        },
        {
          "expr": "rate(ifInDiscards{job=\"$cisco\",ifName=~\"(Gi|Te).*\"}[5m])",
          "format": "time_series",
          "intervalFactor": 1,
          "legendFormat": "{{hostname}} - {{ifName}} In",
          "refId": "B"
        }
      ],
      "thresholds": [],
      "timeFrom": null,
      "timeRegions": [],
      "timeShift": null,
      "title": "Discard",
      "tooltip": {
        "shared": true,
        "sort": 0,
        "value_type": "individual"
      },
      "type": "graph",
      "xaxis": {
        "buckets": null,
        "mode": "time",
        "name": null,
        "show": true,
        "values": []
      },
      "yaxes": [
        {
          "format": "pps",
          "label": null,
          "logBase": 1,
          "max": null,
          "min": null,
          "show": true
        },
        {
          "format": "short",
          "label": null,
          "logBase": 1,
          "max": null,
          "min": null,
          "show": true
        }
      ],
      "yaxis": {
        "align": false,
        "alignLevel": null
      }
    }
  ],
  "refresh": "5s",
  "schemaVersion": 21,
  "style": "dark",
  "tags": [
    "noc",
    "monitor",
    "prometheus",
    "infra"
  ],
  "templating": {
    "list": [
      {
        "allValue": null,
        "current": {
          "text": "fortigate",
          "value": "fortigate"
        },
        "datasource": "Prometheus",
        "definition": "label_values(fgSysUpTime,job)",
        "hide": 2,
        "includeAll": false,
        "label": "fortigate",
        "multi": false,
        "name": "instance",
        "options": [],
        "query": "label_values(fgSysUpTime,job)",
        "refresh": 1,
        "regex": "",
        "skipUrlSync": false,
        "sort": 0,
        "tagValuesQuery": "",
        "tags": [],
        "tagsQuery": "",
        "type": "query",
        "useTags": false
      },
      {
        "allValue": null,
        "current": {
          "text": "cisco",
          "value": "cisco"
        },
        "datasource": "Prometheus",
        "definition": "label_values(sysName,job)",
        "hide": 2,
        "includeAll": false,
        "label": "cisco",
        "multi": false,
        "name": "cisco",
        "options": [],
        "query": "label_values(sysName,job)",
        "refresh": 1,
        "regex": "",
        "skipUrlSync": false,
        "sort": 0,
        "tagValuesQuery": "",
        "tags": [],
        "tagsQuery": "",
        "type": "query",
        "useTags": false
      }
    ]
  },
  "time": {
    "from": "now-3h",
    "to": "now"
  },
  "timepicker": {
    "refresh_intervals": [
      "5s",
      "10s",
      "30s",
      "1m",
      "5m",
      "15m",
      "30m",
      "1h",
      "2h",
      "1d"
    ],
    "time_options": [
      "5m",
      "15m",
      "1h",
      "6h",
      "12h",
      "24h",
      "2d",
      "7d",
      "30d"
    ]
  },
  "timezone": "browser",
  "title": "IT Overview",
  "uid": "U0I0vj2Zz",
  "version": 47
}