{
  "annotations": {
    "list": [
      {
        "builtIn": 1,
        "datasource": "-- Grafana --",
        "enable": true,
        "hide": true,
        "iconColor": "rgba(0, 211, 255, 1)",
        "name": "Annotations & Alerts",
        "type": "dashboard"
      }
    ]
  },
  "editable": true,
  "gnetId": null,
  "graphTooltip": 0,
  "id": 22,
  "iteration": 1589787697818,
  "links": [],
  "panels": [
    {
      "cacheTimeout": null,
      "colorBackground": false,
      "colorValue": false,
      "colors": [
        "#299c46",
        "rgba(237, 129, 40, 0.89)",
        "#d44a3a"
      ],
      "datasource": null,
      "format": "percent",
      "gauge": {
        "maxValue": 100,
        "minValue": 0,
        "show": false,
        "thresholdLabels": false,
        "thresholdMarkers": true
      },
      "gridPos": {
        "h": 4,
        "w": 4,
        "x": 0,
        "y": 0
      },
      "id": 4,
      "interval": null,
      "links": [],
      "mappingType": 1,
      "mappingTypes": [
        {
          "name": "value to text",
          "value": 1
        },
        {
          "name": "range to text",
          "value": 2
        }
      ],
      "maxDataPoints": 100,
      "nullPointMode": "connected",
      "nullText": null,
      "options": {},
      "postfix": "",
      "postfixFontSize": "50%",
      "prefix": "",
      "prefixFontSize": "50%",
      "rangeMaps": [
        {
          "from": "null",
          "text": "N/A",
          "to": "null"
        }
      ],
      "sparkline": {
        "fillColor": "rgba(31, 118, 189, 0.18)",
        "full": false,
        "lineColor": "rgb(31, 120, 193)",
        "show": true
      },
      "tableColumn": "",
      "targets": [
        {
          "expr": "avgBusy1{instance=\"$ip\"}",
          "format": "time_series",
          "instant": false,
          "intervalFactor": 1,
          "refId": "A"
        }
      ],
      "thresholds": "",
      "timeFrom": null,
      "timeShift": null,
      "title": "CPU usage",
      "transparent": true,
      "type": "singlestat",
      "valueFontSize": "80%",
      "valueMaps": [
        {
          "op": "=",
          "text": "N/A",
          "value": "null"
        }
      ],
      "valueName": "current"
    },
    {
      "aliasColors": {},
      "bars": false,
      "dashLength": 10,
      "dashes": false,
      "datasource": null,
      "fill": 1,
      "fillGradient": 0,
      "gridPos": {
        "h": 8,
        "w": 20,
        "x": 4,
        "y": 0
      },
      "hiddenSeries": false,
      "id": 12,
      "interval": "",
      "legend": {
        "alignAsTable": true,
        "avg": false,
        "current": true,
        "hideZero": true,
        "max": true,
        "min": true,
        "rightSide": true,
        "show": true,
        "sort": "max",
        "sortDesc": true,
        "total": false,
        "values": true
      },
      "lines": true,
      "linewidth": 1,
      "links": [],
      "nullPointMode": "connected",
      "options": {
        "dataLinks": []
      },
      "percentage": false,
      "pointradius": 2,
      "points": false,
      "renderer": "flot",
      "seriesOverrides": [],
      "spaceLength": 10,
      "stack": false,
      "steppedLine": false,
      "targets": [
        {
          "expr": "rate(ifInOctets{instance=\"$ip\",ifName=~\"$host_top_recv\"}[5m]) * 8 ",
          "format": "time_series",
          "hide": false,
          "intervalFactor": 1,
          "legendFormat": "{{ifName}} In",
          "refId": "A"
        },
        {
          "expr": "rate(ifOutOctets{instance=\"$ip\",ifName=~\"$host_top_send\"}[5m]) * 8 ",
          "format": "time_series",
          "hide": false,
          "intervalFactor": 1,
          "legendFormat": "{{ifName}} Out",
          "refId": "B"
        }
      ],
      "thresholds": [],
      "timeFrom": null,
      "timeRegions": [],
      "timeShift": null,
      "title": "Top traffic IN/OUT 5m",
      "tooltip": {
        "shared": true,
        "sort": 0,
        "value_type": "individual"
      },
      "type": "graph",
      "xaxis": {
        "buckets": null,
        "mode": "time",
        "name": null,
        "show": true,
        "values": []
      },
      "yaxes": [
        {
          "format": "bps",
          "label": null,
          "logBase": 1,
          "max": null,
          "min": null,
          "show": true
        },
        {
          "format": "short",
          "label": null,
          "logBase": 1,
          "max": null,
          "min": null,
          "show": true
        }
      ],
      "yaxis": {
        "align": false,
        "alignLevel": null
      }
    },
    {
      "cacheTimeout": null,
      "colorBackground": false,
      "colorValue": false,
      "colors": [
        "#299c46",
        "rgba(237, 129, 40, 0.89)",
        "#d44a3a"
      ],
      "datasource": null,
      "format": "percentunit",
      "gauge": {
        "maxValue": 100,
        "minValue": 0,
        "show": false,
        "thresholdLabels": false,
        "thresholdMarkers": true
      },
      "gridPos": {
        "h": 4,
        "w": 4,
        "x": 0,
        "y": 4
      },
      "id": 5,
      "interval": null,
      "links": [],
      "mappingType": 1,
      "mappingTypes": [
        {
          "name": "value to text",
          "value": 1
        },
        {
          "name": "range to text",
          "value": 2
        }
      ],
      "maxDataPoints": 100,
      "nullPointMode": "connected",
      "nullText": null,
      "options": {},
      "postfix": "",
      "postfixFontSize": "50%",
      "prefix": "",
      "prefixFontSize": "50%",
      "rangeMaps": [
        {
          "from": "null",
          "text": "N/A",
          "to": "null"
        }
      ],
      "sparkline": {
        "fillColor": "rgba(31, 118, 189, 0.18)",
        "full": false,
        "lineColor": "rgb(31, 120, 193)",
        "show": true
      },
      "tableColumn": "",
      "targets": [
        {
          "expr": "ciscoMemoryPoolUsed{ciscoMemoryPoolType=\"1\",instance=\"$ip\"}/(ciscoMemoryPoolFree{ciscoMemoryPoolType=\"1\",instance=\"$ip\"} + ciscoMemoryPoolUsed{ciscoMemoryPoolType=\"1\",instance=\"$ip\"})",
          "format": "time_series",
          "instant": false,
          "intervalFactor": 1,
          "refId": "A"
        }
      ],
      "thresholds": "",
      "timeFrom": null,
      "timeShift": null,
      "title": "Memory usage",
      "transparent": true,
      "type": "singlestat",
      "valueFontSize": "80%",
      "valueMaps": [
        {
          "op": "=",
          "text": "N/A",
          "value": "null"
        }
      ],
      "valueName": "current"
    },
    {
      "aliasColors": {},
      "bars": false,
      "dashLength": 10,
      "dashes": false,
      "datasource": null,
      "fill": 1,
      "fillGradient": 0,
      "gridPos": {
        "h": 7,
        "w": 12,
        "x": 0,
        "y": 8
      },
      "hiddenSeries": false,
      "id": 7,
      "legend": {
        "alignAsTable": true,
        "avg": false,
        "current": true,
        "hideZero": true,
        "max": true,
        "min": false,
        "rightSide": true,
        "show": true,
        "sort": "max",
        "sortDesc": true,
        "total": false,
        "values": true
      },
      "lines": true,
      "linewidth": 1,
      "links": [],
      "nullPointMode": "connected",
      "options": {
        "dataLinks": []
      },
      "percentage": false,
      "pointradius": 2,
      "points": false,
      "renderer": "flot",
      "seriesOverrides": [],
      "spaceLength": 10,
      "stack": false,
      "steppedLine": false,
      "targets": [
        {
          "expr": "rate(ifInOctets{instance=\"$ip\",ifName=~\"$nic\"}[5m]) * 8 ",
          "format": "time_series",
          "intervalFactor": 1,
          "legendFormat": "{{ifName}} In",
          "refId": "A"
        },
        {
          "expr": "rate(ifOutOctets{instance=\"$ip\",ifName=~\"$nic\"}[5m]) * 8 ",
          "format": "time_series",
          "hide": true,
          "intervalFactor": 1,
          "legendFormat": "{{ifName}} Out",
          "refId": "B"
        }
      ],
      "thresholds": [],
      "timeFrom": null,
      "timeRegions": [],
      "timeShift": null,
      "title": "Traffic Receive",
      "tooltip": {
        "shared": true,
        "sort": 0,
        "value_type": "individual"
      },
      "type": "graph",
      "xaxis": {
        "buckets": null,
        "mode": "time",
        "name": null,
        "show": true,
        "values": []
      },
      "yaxes": [
        {
          "format": "bps",
          "label": null,
          "logBase": 1,
          "max": null,
          "min": null,
          "show": true
        },
        {
          "format": "short",
          "label": null,
          "logBase": 1,
          "max": null,
          "min": null,
          "show": true
        }
      ],
      "yaxis": {
        "align": false,
        "alignLevel": null
      }
    },
    {
      "aliasColors": {},
      "bars": false,
      "dashLength": 10,
      "dashes": false,
      "datasource": null,
      "fill": 1,
      "fillGradient": 0,
      "gridPos": {
        "h": 7,
        "w": 12,
        "x": 12,
        "y": 8
      },
      "hiddenSeries": false,
      "id": 13,
      "legend": {
        "alignAsTable": true,
        "avg": false,
        "current": true,
        "hideZero": true,
        "max": true,
        "min": false,
        "rightSide": true,
        "show": true,
        "sort": "max",
        "sortDesc": true,
        "total": false,
        "values": true
      },
      "lines": true,
      "linewidth": 1,
      "links": [],
      "nullPointMode": "connected",
      "options": {
        "dataLinks": []
      },
      "percentage": false,
      "pointradius": 2,
      "points": false,
      "renderer": "flot",
      "seriesOverrides": [],
      "spaceLength": 10,
      "stack": false,
      "steppedLine": false,
      "targets": [
        {
          "expr": "rate(ifInOctets{instance=\"$ip\",ifName=~\"$nic\"}[5m]) * 8 ",
          "format": "time_series",
          "hide": true,
          "intervalFactor": 1,
          "legendFormat": "{{ifName}} In",
          "refId": "A"
        },
        {
          "expr": "rate(ifOutOctets{instance=\"$ip\",ifName=~\"$nic\"}[5m]) * 8 ",
          "format": "time_series",
          "intervalFactor": 1,
          "legendFormat": "{{ifName}} Out",
          "refId": "B"
        }
      ],
      "thresholds": [],
      "timeFrom": null,
      "timeRegions": [],
      "timeShift": null,
      "title": "Traffic Send",
      "tooltip": {
        "shared": true,
        "sort": 0,
        "value_type": "individual"
      },
      "type": "graph",
      "xaxis": {
        "buckets": null,
        "mode": "time",
        "name": null,
        "show": true,
        "values": []
      },
      "yaxes": [
        {
          "format": "bps",
          "label": null,
          "logBase": 1,
          "max": null,
          "min": null,
          "show": true
        },
        {
          "format": "short",
          "label": null,
          "logBase": 1,
          "max": null,
          "min": null,
          "show": true
        }
      ],
      "yaxis": {
        "align": false,
        "alignLevel": null
      }
    },
    {
      "aliasColors": {},
      "bars": false,
      "dashLength": 10,
      "dashes": false,
      "datasource": null,
      "fill": 1,
      "fillGradient": 0,
      "gridPos": {
        "h": 7,
        "w": 12,
        "x": 0,
        "y": 15
      },
      "hiddenSeries": false,
      "id": 8,
      "legend": {
        "alignAsTable": true,
        "avg": false,
        "current": true,
        "hideZero": true,
        "max": true,
        "min": false,
        "rightSide": true,
        "show": true,
        "sort": "max",
        "sortDesc": true,
        "total": false,
        "values": true
      },
      "lines": true,
      "linewidth": 1,
      "links": [],
      "nullPointMode": "connected",
      "options": {
        "dataLinks": []
      },
      "percentage": false,
      "pointradius": 2,
      "points": false,
      "renderer": "flot",
      "seriesOverrides": [],
      "spaceLength": 10,
      "stack": false,
      "steppedLine": false,
      "targets": [
        {
          "expr": "rate(ifOutDiscards{instance=\"$ip\",ifName=~\"$nic\"}[5m])",
          "format": "time_series",
          "intervalFactor": 1,
          "legendFormat": "{{ifName}} In",
          "refId": "A"
        },
        {
          "expr": "rate(ifInDiscards{instance=\"$ip\",ifName=~\"$nic\"}[5m])",
          "format": "time_series",
          "intervalFactor": 1,
          "legendFormat": "{{ifName}} Out",
          "refId": "B"
        }
      ],
      "thresholds": [],
      "timeFrom": null,
      "timeRegions": [],
      "timeShift": null,
      "title": "Discard",
      "tooltip": {
        "shared": true,
        "sort": 0,
        "value_type": "individual"
      },
      "type": "graph",
      "xaxis": {
        "buckets": null,
        "mode": "time",
        "name": null,
        "show": true,
        "values": []
      },
      "yaxes": [
        {
          "format": "pps",
          "label": null,
          "logBase": 1,
          "max": null,
          "min": null,
          "show": true
        },
        {
          "format": "short",
          "label": null,
          "logBase": 1,
          "max": null,
          "min": null,
          "show": true
        }
      ],
      "yaxis": {
        "align": false,
        "alignLevel": null
      }
    },
    {
      "aliasColors": {},
      "bars": false,
      "dashLength": 10,
      "dashes": false,
      "datasource": null,
      "fill": 1,
      "fillGradient": 0,
      "gridPos": {
        "h": 7,
        "w": 12,
        "x": 12,
        "y": 15
      },
      "hiddenSeries": false,
      "id": 14,
      "legend": {
        "alignAsTable": true,
        "avg": false,
        "current": true,
        "hideZero": true,
        "max": true,
        "min": false,
        "rightSide": true,
        "show": true,
        "sort": "max",
        "sortDesc": true,
        "total": false,
        "values": true
      },
      "lines": true,
      "linewidth": 1,
      "links": [],
      "nullPointMode": "connected",
      "options": {
        "dataLinks": []
      },
      "percentage": false,
      "pointradius": 2,
      "points": false,
      "renderer": "flot",
      "seriesOverrides": [],
      "spaceLength": 10,
      "stack": false,
      "steppedLine": false,
      "targets": [
        {
          "expr": "rate(ifInDiscards{instance=\"$ip\",ifName=~\"$host_top_dis_recv\"}[5m])",
          "format": "time_series",
          "intervalFactor": 1,
          "legendFormat": "{{ifName}} In",
          "refId": "A"
        },
        {
          "expr": "rate(ifOutDiscards{instance=\"$ip\",ifName=~\"$host_top_dis_send\"}[5m])",
          "format": "time_series",
          "intervalFactor": 1,
          "legendFormat": "{{ifName}} Out",
          "refId": "B"
        }
      ],
      "thresholds": [],
      "timeFrom": null,
      "timeRegions": [],
      "timeShift": null,
      "title": "Top Discard",
      "tooltip": {
        "shared": true,
        "sort": 0,
        "value_type": "individual"
      },
      "type": "graph",
      "xaxis": {
        "buckets": null,
        "mode": "time",
        "name": null,
        "show": true,
        "values": []
      },
      "yaxes": [
        {
          "format": "pps",
          "label": null,
          "logBase": 1,
          "max": null,
          "min": null,
          "show": true
        },
        {
          "format": "short",
          "label": null,
          "logBase": 1,
          "max": null,
          "min": null,
          "show": true
        }
      ],
      "yaxis": {
        "align": false,
        "alignLevel": null
      }
    },
    {
      "aliasColors": {},
      "bars": false,
      "dashLength": 10,
      "dashes": false,
      "datasource": null,
      "fill": 1,
      "fillGradient": 0,
      "gridPos": {
        "h": 7,
        "w": 12,
        "x": 0,
        "y": 22
      },
      "hiddenSeries": false,
      "id": 15,
      "legend": {
        "alignAsTable": true,
        "avg": false,
        "current": true,
        "hideZero": true,
        "max": true,
        "min": false,
        "rightSide": true,
        "show": true,
        "sort": "max",
        "sortDesc": true,
        "total": false,
        "values": true
      },
      "lines": true,
      "linewidth": 1,
      "links": [],
      "nullPointMode": "connected",
      "options": {
        "dataLinks": []
      },
      "percentage": false,
      "pointradius": 2,
      "points": false,
      "renderer": "flot",
      "seriesOverrides": [],
      "spaceLength": 10,
      "stack": false,
      "steppedLine": false,
      "targets": [
        {
          "expr": "rate(ifInErrors{instance=\"$ip\",ifName=~\"$host_top_err_recv\"}[5m])",
          "format": "time_series",
          "intervalFactor": 1,
          "legendFormat": "{{ifName}} In",
          "refId": "A"
        },
        {
          "expr": "rate(ifOutErrors{instance=\"$ip\",ifName=~\"$host_top_err_send\"}[5m])",
          "format": "time_series",
          "intervalFactor": 1,
          "legendFormat": "{{ifName}} Out",
          "refId": "B"
        }
      ],
      "thresholds": [],
      "timeFrom": null,
      "timeRegions": [],
      "timeShift": null,
      "title": "Top Error",
      "tooltip": {
        "shared": true,
        "sort": 0,
        "value_type": "individual"
      },
      "type": "graph",
      "xaxis": {
        "buckets": null,
        "mode": "time",
        "name": null,
        "show": true,
        "values": []
      },
      "yaxes": [
        {
          "format": "pps",
          "label": null,
          "logBase": 1,
          "max": null,
          "min": null,
          "show": true
        },
        {
          "format": "short",
          "label": null,
          "logBase": 1,
          "max": null,
          "min": null,
          "show": true
        }
      ],
      "yaxis": {
        "align": false,
        "alignLevel": null
      }
    },
    {
      "aliasColors": {},
      "bars": false,
      "dashLength": 10,
      "dashes": false,
      "datasource": null,
      "fill": 1,
      "fillGradient": 0,
      "gridPos": {
        "h": 7,
        "w": 12,
        "x": 12,
        "y": 22
      },
      "hiddenSeries": false,
      "id": 11,
      "legend": {
        "alignAsTable": true,
        "avg": false,
        "current": true,
        "hideZero": true,
        "max": true,
        "min": false,
        "rightSide": true,
        "show": true,
        "sort": "max",
        "sortDesc": true,
        "total": false,
        "values": true
      },
      "lines": true,
      "linewidth": 1,
      "links": [],
      "nullPointMode": "null",
      "options": {
        "dataLinks": []
      },
      "percentage": false,
      "pointradius": 2,
      "points": false,
      "renderer": "flot",
      "seriesOverrides": [],
      "spaceLength": 10,
      "stack": false,
      "steppedLine": false,
      "targets": [
        {
          "expr": "rate(ifOutErrors{instance=\"$ip\",ifName=~\"$nic\"}[5m])",
          "format": "time_series",
          "intervalFactor": 1,
          "legendFormat": "{{ifName}} In",
          "refId": "A"
        },
        {
          "expr": "rate(ifInErrors{instance=\"$ip\",ifName=~\"$nic\"}[5m])",
          "format": "time_series",
          "intervalFactor": 1,
          "legendFormat": "{{ifName}} Out",
          "refId": "B"
        }
      ],
      "thresholds": [],
      "timeFrom": null,
      "timeRegions": [],
      "timeShift": null,
      "title": "Error",
      "tooltip": {
        "shared": true,
        "sort": 0,
        "value_type": "individual"
      },
      "type": "graph",
      "xaxis": {
        "buckets": null,
        "mode": "time",
        "name": null,
        "show": true,
        "values": []
      },
      "yaxes": [
        {
          "format": "pps",
          "label": null,
          "logBase": 1,
          "max": null,
          "min": null,
          "show": true
        },
        {
          "format": "short",
          "label": null,
          "logBase": 1,
          "max": null,
          "min": null,
          "show": true
        }
      ],
      "yaxis": {
        "align": false,
        "alignLevel": null
      }
    },
    {
      "columns": [],
      "datasource": null,
      "fontSize": "100%",
      "gridPos": {
        "h": 7,
        "w": 24,
        "x": 0,
        "y": 29
      },
      "id": 2,
      "links": [],
      "options": {},
      "pageSize": null,
      "scroll": true,
      "showHeader": true,
      "sort": {
        "col": 4,
        "desc": false
      },
      "styles": [
        {
          "alias": "Interface Name",
          "colorMode": null,
          "colors": [
            "rgba(245, 54, 54, 0.9)",
            "rgba(237, 129, 40, 0.89)",
            "rgba(50, 172, 45, 0.97)"
          ],
          "dateFormat": "YYYY-MM-DD HH:mm:ss",
          "decimals": 2,
          "link": false,
          "mappingType": 1,
          "pattern": "ifName",
          "thresholds": [],
          "type": "string",
          "unit": "short"
        },
        {
          "alias": "",
          "colorMode": null,
          "colors": [
            "rgba(245, 54, 54, 0.9)",
            "rgba(237, 129, 40, 0.89)",
            "rgba(50, 172, 45, 0.97)"
          ],
          "dateFormat": "YYYY-MM-DD HH:mm:ss",
          "decimals": 2,
          "mappingType": 1,
          "pattern": "/.*(instance|Time|device|job|ifIndex|instance|job|Value #D|Value #B)/",
          "thresholds": [],
          "type": "hidden",
          "unit": "short"
        },
        {
          "alias": "Interface Status",
          "colorMode": null,
          "colors": [
            "rgba(245, 54, 54, 0.9)",
            "rgba(237, 129, 40, 0.89)",
            "rgba(50, 172, 45, 0.97)"
          ],
          "dateFormat": "YYYY-MM-DD HH:mm:ss",
          "decimals": 2,
          "mappingType": 1,
          "pattern": "ifOperStatus",
          "thresholds": [],
          "type": "string",
          "unit": "short",
          "valueMaps": [
            {
              "text": "Up",
              "value": "1"
            },
            {
              "text": "Down",
              "value": "2"
            }
          ]
        },
        {
          "alias": "Speed",
          "colorMode": null,
          "colors": [
            "rgba(245, 54, 54, 0.9)",
            "rgba(237, 129, 40, 0.89)",
            "rgba(50, 172, 45, 0.97)"
          ],
          "dateFormat": "YYYY-MM-DD HH:mm:ss",
          "decimals": 2,
          "mappingType": 1,
          "pattern": "Value #A",
          "thresholds": [],
          "type": "number",
          "unit": "bps"
        },
        {
          "alias": "Admin Status",
          "colorMode": null,
          "colors": [
            "rgba(245, 54, 54, 0.9)",
            "rgba(237, 129, 40, 0.89)",
            "rgba(50, 172, 45, 0.97)"
          ],
          "dateFormat": "YYYY-MM-DD HH:mm:ss",
          "decimals": 2,
          "mappingType": 1,
          "pattern": "ifAdminStatus",
          "sanitize": false,
          "thresholds": [],
          "type": "string",
          "unit": "short",
          "valueMaps": [
            {
              "text": "Down",
              "value": "2"
            },
            {
              "text": "Up",
              "value": "1"
            }
          ]
        },
        {
          "alias": "Description",
          "colorMode": null,
          "colors": [
            "rgba(245, 54, 54, 0.9)",
            "rgba(237, 129, 40, 0.89)",
            "rgba(50, 172, 45, 0.97)"
          ],
          "dateFormat": "YYYY-MM-DD HH:mm:ss",
          "decimals": 2,
          "mappingType": 1,
          "pattern": "ifAlias",
          "thresholds": [],
          "type": "string",
          "unit": "short"
        }
      ],
      "targets": [
        {
          "expr": "ifSpeed{instance=\"$ip\",ifName=~\"((Gi|Te).*)\"} +0",
          "format": "table",
          "hide": false,
          "instant": true,
          "intervalFactor": 1,
          "refId": "A"
        },
        {
          "expr": "ifInDiscards{instance=\"$ip\",ifName=~\"((Gi|Te).*)\"} +0",
          "format": "table",
          "hide": false,
          "instant": true,
          "intervalFactor": 1,
          "refId": "D"
        },
        {
          "expr": "ifAlias{instance=\"$ip\",ifName=~\"((Gi|Te).*)\"} +0",
          "format": "table",
          "hide": false,
          "instant": true,
          "intervalFactor": 1,
          "refId": "B"
        }
      ],
      "timeFrom": null,
      "timeShift": null,
      "title": "Interface",
      "transform": "table",
      "type": "table"
    }
  ],
  "refresh": "5s",
  "schemaVersion": 21,
  "style": "dark",
  "tags": [
    "cisco",
    "snmp",
    "prometheus",
    "network"
  ],
  "templating": {
    "list": [
      {
        "allValue": null,
        "current": {
          "text": "A-SW4",
          "value": "A-SW4"
        },
        "datasource": "Prometheus",
        "definition": "label_values(sysName)",
        "hide": 0,
        "includeAll": false,
        "label": "Device Name",
        "multi": false,
        "name": "name",
        "options": [],
        "query": "label_values(sysName)",
        "refresh": 2,
        "regex": "",
        "skipUrlSync": false,
        "sort": 0,
        "tagValuesQuery": "",
        "tags": [],
        "tagsQuery": "",
        "type": "query",
        "useTags": false
      },
      {
        "allValue": null,
        "current": {
          "text": "10.10.10.104",
          "value": "10.10.10.104"
        },
        "datasource": "Prometheus",
        "definition": "label_values(sysName{sysName=~\"$name\"},instance)",
        "hide": 0,
        "includeAll": false,
        "label": "IP address",
        "multi": false,
        "name": "ip",
        "options": [],
        "query": "label_values(sysName{sysName=~\"$name\"},instance)",
        "refresh": 2,
        "regex": "",
        "skipUrlSync": false,
        "sort": 0,
        "tagValuesQuery": "",
        "tags": [],
        "tagsQuery": "",
        "type": "query",
        "useTags": false
      },
      {
        "allValue": null,
        "current": {
          "text": "All",
          "value": [
            "$__all"
          ]
        },
        "datasource": "Prometheus",
        "definition": "label_values(ifInOctets{instance=\"$ip\"},ifName)",
        "hide": 0,
        "includeAll": true,
        "label": "NIC",
        "multi": true,
        "name": "nic",
        "options": [],
        "query": "label_values(ifInOctets{instance=\"$ip\"},ifName)",
        "refresh": 2,
        "regex": "/((Gi|Te).*)/",
        "skipUrlSync": false,
        "sort": 5,
        "tagValuesQuery": "",
        "tags": [],
        "tagsQuery": "",
        "type": "query",
        "useTags": false
      },
      {
        "allValue": null,
        "current": {
          "text": "All",
          "value": [
            "$__all"
          ]
        },
        "datasource": "Prometheus",
        "definition": "query_result(topk(6, rate(ifInOctets{job=\"cisco\",instance=\"$ip\",ifName=~\"(Gi|Te).*\"}[${__range_s}s] )))",
        "hide": 2,
        "includeAll": true,
        "label": null,
        "multi": true,
        "name": "host_top_recv",
        "options": [],
        "query": "query_result(topk(6, rate(ifInOctets{job=\"cisco\",instance=\"$ip\",ifName=~\"(Gi|Te).*\"}[${__range_s}s] )))",
        "refresh": 2,
        "regex": ".*ifName=\"(.*?)\",.*",
        "skipUrlSync": false,
        "sort": 0,
        "tagValuesQuery": "",
        "tags": [],
        "tagsQuery": "",
        "type": "query",
        "useTags": false
      },
      {
        "allValue": null,
        "current": {
          "text": "All",
          "value": [
            "$__all"
          ]
        },
        "datasource": "Prometheus",
        "definition": "query_result(topk(6, rate(ifOutOctets{job=\"cisco\",instance=\"$ip\",ifName=~\"(Gi|Te).*\"}[${__range_s}s] )))",
        "hide": 2,
        "includeAll": true,
        "label": null,
        "multi": true,
        "name": "host_top_send",
        "options": [],
        "query": "query_result(topk(6, rate(ifOutOctets{job=\"cisco\",instance=\"$ip\",ifName=~\"(Gi|Te).*\"}[${__range_s}s] )))",
        "refresh": 2,
        "regex": ".*ifName=\"(.*?)\",.*",
        "skipUrlSync": false,
        "sort": 0,
        "tagValuesQuery": "",
        "tags": [],
        "tagsQuery": "",
        "type": "query",
        "useTags": false
      },
      {
        "allValue": null,
        "current": {
          "text": "All",
          "value": [
            "$__all"
          ]
        },
        "datasource": "Prometheus",
        "definition": "query_result(topk(6, rate(ifInDiscards{job=\"cisco\",instance=\"$ip\",ifName=~\"(Gi|Te).*\"}[${__range_s}s] )))",
        "hide": 2,
        "includeAll": true,
        "label": null,
        "multi": true,
        "name": "host_top_dis_send",
        "options": [],
        "query": "query_result(topk(6, rate(ifInDiscards{job=\"cisco\",instance=\"$ip\",ifName=~\"(Gi|Te).*\"}[${__range_s}s] )))",
        "refresh": 2,
        "regex": ".*ifName=\"(.*?)\",.*",
        "skipUrlSync": false,
        "sort": 0,
        "tagValuesQuery": "",
        "tags": [],
        "tagsQuery": "",
        "type": "query",
        "useTags": false
      },
      {
        "allValue": null,
        "current": {
          "text": "All",
          "value": [
            "$__all"
          ]
        },
        "datasource": "Prometheus",
        "definition": "query_result(topk(6, rate(ifOutDiscards{job=\"cisco\",instance=\"$ip\",ifName=~\"(Gi|Te).*\"}[${__range_s}s] )))",
        "hide": 2,
        "includeAll": true,
        "label": null,
        "multi": true,
        "name": "host_top_dis_recv",
        "options": [],
        "query": "query_result(topk(6, rate(ifOutDiscards{job=\"cisco\",instance=\"$ip\",ifName=~\"(Gi|Te).*\"}[${__range_s}s] )))",
        "refresh": 2,
        "regex": ".*ifName=\"(.*?)\",.*",
        "skipUrlSync": false,
        "sort": 0,
        "tagValuesQuery": "",
        "tags": [],
        "tagsQuery": "",
        "type": "query",
        "useTags": false
      },
      {
        "allValue": null,
        "current": {
          "text": "All",
          "value": [
            "$__all"
          ]
        },
        "datasource": "Prometheus",
        "definition": "query_result(topk(6, rate(ifInErrors{job=\"cisco\",instance=\"$ip\",ifName=~\"(Gi|Te).*\"}[${__range_s}s] )))",
        "hide": 2,
        "includeAll": true,
        "label": null,
        "multi": true,
        "name": "host_top_err_recv",
        "options": [],
        "query": "query_result(topk(6, rate(ifInErrors{job=\"cisco\",instance=\"$ip\",ifName=~\"(Gi|Te).*\"}[${__range_s}s] )))",
        "refresh": 2,
        "regex": ".*ifName=\"(.*?)\",.*",
        "skipUrlSync": false,
        "sort": 0,
        "tagValuesQuery": "",
        "tags": [],
        "tagsQuery": "",
        "type": "query",
        "useTags": false
      },
      {
        "allValue": null,
        "current": {
          "text": "All",
          "value": [
            "$__all"
          ]
        },
        "datasource": "Prometheus",
        "definition": "query_result(topk(6, rate(ifOutErrors{job=\"cisco\",instance=\"$ip\",ifName=~\"(Gi|Te).*\"}[${__range_s}s] )))",
        "hide": 2,
        "includeAll": true,
        "label": null,
        "multi": true,
        "name": "host_top_err_send",
        "options": [],
        "query": "query_result(topk(6, rate(ifOutErrors{job=\"cisco\",instance=\"$ip\",ifName=~\"(Gi|Te).*\"}[${__range_s}s] )))",
        "refresh": 2,
        "regex": ".*ifName=\"(.*?)\",.*",
        "skipUrlSync": false,
        "sort": 0,
        "tagValuesQuery": "",
        "tags": [],
        "tagsQuery": "",
        "type": "query",
        "useTags": false
      }
    ]
  },
  "time": {
    "from": "now-3h",
    "to": "now"
  },
  "timepicker": {
    "refresh_intervals": [
      "5s",
      "10s",
      "30s",
      "1m",
      "5m",
      "15m",
      "30m",
      "1h",
      "2h",
      "1d"
    ],
    "time_options": [
      "5m",
      "15m",
      "1h",
      "6h",
      "12h",
      "24h",
      "2d",
      "7d",
      "30d"
    ]
  },
  "timezone": "",
  "title": "Network Devices",
  "uid": "aI44X_vZk",
  "version": 6
}