{
  "annotations": {
    "list": [
      {
        "builtIn": 1,
        "datasource": "-- Grafana --",
        "enable": true,
        "hide": true,
        "iconColor": "rgba(0, 211, 255, 1)",
        "name": "Annotations & Alerts",
        "type": "dashboard"
      }
    ]
  },
  "description": "",
  "editable": true,
  "gnetId": null,
  "graphTooltip": 0,
  "id": 34,
  "iteration": 1598957028115,
  "links": [],
  "panels": [
    {
      "datasource": null,
      "fieldConfig": {
        "defaults": {
          "custom": {},
          "mappings": [],
          "thresholds": {
            "mode": "absolute",
            "steps": [
              {
                "color": "green",
                "value": null
              },
              {
                "color": "dark-green",
                "value": 80
              }
            ]
          },
          "unit": "Bps"
        },
        "overrides": []
      },
      "gridPos": {
        "h": 4,
        "w": 8,
        "x": 0,
        "y": 0
      },
      "id": 15,
      "options": {
        "colorMode": "background",
        "graphMode": "area",
        "justifyMode": "auto",
        "orientation": "auto",
        "reduceOptions": {
          "calcs": [
            "mean"
          ],
          "fields": "",
          "values": false
        },
        "textMode": "value_and_name"
      },
      "pluginVersion": "7.1.3",
      "targets": [
        {
          "expr": "irate(ifHCInOctets{job=\"fortigate\"}[5m]) * on (ifIndex) group_left(ifName) ifName{job=\"fortigate\",ifName=\"wan1\"} * 8",
          "instant": false,
          "interval": "",
          "legendFormat": "Download",
          "refId": "A"
        },
        {
          "expr": "irate(ifHCOutOctets{job=\"fortigate\"}[5m]) * on (ifIndex) group_left(ifName) ifName{job=\"fortigate\",ifName=\"wan1\"} * 8",
          "instant": false,
          "interval": "",
          "legendFormat": "Upload",
          "refId": "B"
        }
      ],
      "timeFrom": null,
      "timeShift": null,
      "title": "Minh Tu",
      "type": "stat"
    },
    {
      "datasource": null,
      "fieldConfig": {
        "defaults": {
          "custom": {},
          "mappings": [],
          "thresholds": {
            "mode": "absolute",
            "steps": [
              {
                "color": "green",
                "value": null
              },
              {
                "color": "dark-green",
                "value": 80
              }
            ]
          },
          "unit": "Bps"
        },
        "overrides": []
      },
      "gridPos": {
        "h": 4,
        "w": 8,
        "x": 8,
        "y": 0
      },
      "id": 16,
      "options": {
        "colorMode": "background",
        "graphMode": "area",
        "justifyMode": "auto",
        "orientation": "auto",
        "reduceOptions": {
          "calcs": [
            "mean"
          ],
          "fields": "",
          "values": false
        },
        "textMode": "value_and_name"
      },
      "pluginVersion": "7.1.3",
      "targets": [
        {
          "expr": "irate(ifHCInOctets{job=\"fortigate\"}[5m]) * on (ifIndex) group_left(ifName) ifName{job=\"fortigate\",ifName=\"wan2\"} * 8",
          "instant": false,
          "interval": "",
          "legendFormat": "Download",
          "refId": "A"
        },
        {
          "expr": "irate(ifHCOutOctets{job=\"fortigate\"}[5m]) * on (ifIndex) group_left(ifName) ifName{job=\"fortigate\",ifName=\"wan2\"} * 8",
          "format": "time_series",
          "instant": false,
          "interval": "",
          "legendFormat": "Upload",
          "refId": "B"
        }
      ],
      "timeFrom": null,
      "timeShift": null,
      "title": "FPT",
      "type": "stat"
    },
    {
      "datasource": null,
      "fieldConfig": {
        "defaults": {
          "custom": {},
          "mappings": [],
          "thresholds": {
            "mode": "absolute",
            "steps": [
              {
                "color": "green",
                "value": null
              },
              {
                "color": "dark-green",
                "value": 80
              }
            ]
          },
          "unit": "Bps"
        },
        "overrides": []
      },
      "gridPos": {
        "h": 4,
        "w": 8,
        "x": 16,
        "y": 0
      },
      "id": 17,
      "options": {
        "colorMode": "background",
        "graphMode": "area",
        "justifyMode": "auto",
        "orientation": "auto",
        "reduceOptions": {
          "calcs": [
            "mean"
          ],
          "fields": "",
          "values": false
        },
        "textMode": "value_and_name"
      },
      "pluginVersion": "7.1.3",
      "targets": [
        {
          "expr": "irate(ifHCInOctets{job=\"fortigate\"}[5m]) * on (ifIndex) group_left(ifName) ifName{job=\"fortigate\",ifName=\"port1\"} * 8",
          "instant": false,
          "interval": "",
          "legendFormat": "Download",
          "refId": "A"
        },
        {
          "expr": "irate(ifHCOutOctets{job=\"fortigate\"}[5m]) * on (ifIndex) group_left(ifName) ifName{job=\"fortigate\",ifName=\"port1\"} * 8",
          "instant": false,
          "interval": "",
          "legendFormat": "Upload",
          "refId": "B"
        }
      ],
      "timeFrom": null,
      "timeShift": null,
      "title": "VNPT",
      "type": "stat"
    },
    {
      "datasource": "Prometheus",
      "fieldConfig": {
        "defaults": {
          "custom": {
            "align": "left",
            "displayMode": "color-background"
          },
          "links": [
            {
              "targetBlank": true,
              "title": "",
              "url": "http://10.10.10.26:3000/d/Kdh0OoSGz/windows-server?orgId=1&refresh=5s&var-job=windows&var-hostname=${__data.fields[hostname]}"
            }
          ],
          "mappings": [],
          "thresholds": {
            "mode": "absolute",
            "steps": [
              {
                "color": "green",
                "value": null
              }
            ]
          }
        },
        "overrides": [
          {
            "matcher": {
              "id": "byName",
              "options": "Value #A"
            },
            "properties": [
              {
                "id": "unit",
                "value": "short"
              },
              {
                "id": "displayName",
                "value": "Status"
              },
              {
                "id": "mappings",
                "value": [
                  {
                    "from": "",
                    "id": 0,
                    "text": "up",
                    "to": "",
                    "type": 1,
                    "value": "1"
                  },
                  {
                    "from": "",
                    "id": 1,
                    "text": "down",
                    "to": "",
                    "type": 1,
                    "value": "0"
                  }
                ]
              },
              {
                "id": "thresholds",
                "value": {
                  "mode": "absolute",
                  "steps": [
                    {
                      "color": "green",
                      "value": null
                    },
                    {
                      "color": "red",
                      "value": 0
                    },
                    {
                      "color": "dark-green",
                      "value": 1
                    }
                  ]
                }
              }
            ]
          },
          {
            "matcher": {
              "id": "byName",
              "options": "Value #I"
            },
            "properties": [
              {
                "id": "displayName",
                "value": "CPU"
              },
              {
                "id": "unit",
                "value": "percent"
              },
              {
                "id": "thresholds",
                "value": {
                  "mode": "percentage",
                  "steps": [
                    {
                      "color": "dark-green",
                      "value": null
                    },
                    {
                      "color": "orange",
                      "value": 60
                    },
                    {
                      "color": "red",
                      "value": 80
                    }
                  ]
                }
              },
              {
                "id": "decimals",
                "value": 1
              }
            ]
          },
          {
            "matcher": {
              "id": "byName",
              "options": "Value #J"
            },
            "properties": [
              {
                "id": "displayName",
                "value": "Memory"
              },
              {
                "id": "unit",
                "value": "percent"
              },
              {
                "id": "thresholds",
                "value": {
                  "mode": "percentage",
                  "steps": [
                    {
                      "color": "dark-green",
                      "value": null
                    },
                    {
                      "color": "orange",
                      "value": 60
                    },
                    {
                      "color": "red",
                      "value": 80
                    }
                  ]
                }
              }
            ]
          },
          {
            "matcher": {
              "id": "byName",
              "options": "Value #F"
            },
            "properties": [
              {
                "id": "decimals",
                "value": 0
              },
              {
                "id": "displayName",
                "value": "Most disk %"
              },
              {
                "id": "unit",
                "value": "percentunit"
              },
              {
                "id": "thresholds",
                "value": {
                  "mode": "percentage",
                  "steps": [
                    {
                      "color": "dark-green",
                      "value": null
                    },
                    {
                      "color": "orange",
                      "value": 80
                    },
                    {
                      "color": "red",
                      "value": 90
                    }
                  ]
                }
              }
            ]
          },
          {
            "matcher": {
              "id": "byName",
              "options": "Memory"
            },
            "properties": [
              {
                "id": "custom.width",
                "value": 90
              }
            ]
          },
          {
            "matcher": {
              "id": "byName",
              "options": "CPU"
            },
            "properties": [
              {
                "id": "custom.width",
                "value": 90
              }
            ]
          },
          {
            "matcher": {
              "id": "byName",
              "options": "hostname"
            },
            "properties": [
              {
                "id": "custom.width",
                "value": 143
              }
            ]
          },
          {
            "matcher": {
              "id": "byName",
              "options": "Most disk %"
            },
            "properties": [
              {
                "id": "custom.width",
                "value": 104
              }
            ]
          },
          {
            "matcher": {
              "id": "byName",
              "options": "Status"
            },
            "properties": [
              {
                "id": "custom.width",
                "value": 90
              }
            ]
          }
        ]
      },
      "gridPos": {
        "h": 17,
        "w": 10,
        "x": 0,
        "y": 4
      },
      "id": 2,
      "options": {
        "showHeader": true,
        "sortBy": [
          {
            "desc": false,
            "displayName": "hostname"
          }
        ]
      },
      "pluginVersion": "7.1.3",
      "targets": [
        {
          "expr": "100 - (avg by (instance) (irate(windows_cpu_time_total{job=\"windows\",mode=\"idle\"}[2m])) * 100)",
          "format": "table",
          "hide": false,
          "instant": true,
          "interval": "",
          "legendFormat": "",
          "refId": "I"
        },
        {
          "expr": "100 - 100 * windows_os_physical_memory_free_bytes{job=\"windows\"} / windows_cs_physical_memory_bytes{job=\"windows\"}",
          "format": "table",
          "hide": false,
          "instant": true,
          "interval": "",
          "legendFormat": "",
          "refId": "J"
        },
        {
          "expr": "max by (instance) (1-windows_logical_disk_free_bytes/windows_logical_disk_size_bytes)",
          "format": "table",
          "hide": false,
          "instant": true,
          "interval": "",
          "legendFormat": "",
          "refId": "F"
        },
        {
          "expr": "up{job=\"windows\"} == 1 or up{job=\"windows\"} == 0",
          "format": "table",
          "instant": true,
          "interval": "",
          "legendFormat": "",
          "refId": "A"
        }
      ],
      "timeFrom": null,
      "timeShift": null,
      "title": "Overview Windows",
      "transformations": [
        {
          "id": "merge",
          "options": {}
        },
        {
          "id": "organize",
          "options": {
            "excludeByName": {
              "Time": true,
              "Value #F": false,
              "Value #J": false,
              "__name__": true,
              "company": true,
              "instance": true,
              "job": true,
              "type": true
            },
            "indexByName": {
              "Time": 2,
              "Value #A": 1,
              "Value #F": 9,
              "Value #I": 4,
              "Value #J": 8,
              "__name__": 10,
              "company": 5,
              "hostname": 0,
              "instance": 3,
              "job": 6,
              "type": 7
            },
            "renameByName": {}
          }
        }
      ],
      "type": "table"
    },
    {
      "datasource": "Prometheus",
      "fieldConfig": {
        "defaults": {
          "custom": {
            "align": "left",
            "displayMode": "color-background"
          },
          "links": [
            {
              "targetBlank": true,
              "title": "",
              "url": "http://10.10.10.26:3000/d/Kdh0OoSGz/windows-server?orgId=1&refresh=5s&var-job=windows&var-hostname=${__data.fields[hostname]}"
            }
          ],
          "mappings": [],
          "thresholds": {
            "mode": "absolute",
            "steps": [
              {
                "color": "green",
                "value": null
              }
            ]
          }
        },
        "overrides": [
          {
            "matcher": {
              "id": "byName",
              "options": "Value #A"
            },
            "properties": [
              {
                "id": "unit",
                "value": "short"
              },
              {
                "id": "displayName",
                "value": "Status"
              },
              {
                "id": "mappings",
                "value": [
                  {
                    "from": "",
                    "id": 0,
                    "text": "up",
                    "to": "",
                    "type": 1,
                    "value": "1"
                  },
                  {
                    "from": "",
                    "id": 1,
                    "text": "down",
                    "to": "",
                    "type": 1,
                    "value": "0"
                  }
                ]
              },
              {
                "id": "thresholds",
                "value": {
                  "mode": "absolute",
                  "steps": [
                    {
                      "color": "green",
                      "value": null
                    },
                    {
                      "color": "red",
                      "value": 0
                    },
                    {
                      "color": "dark-green",
                      "value": 1
                    }
                  ]
                }
              }
            ]
          },
          {
            "matcher": {
              "id": "byName",
              "options": "Value #I"
            },
            "properties": [
              {
                "id": "displayName",
                "value": "CPU"
              },
              {
                "id": "unit",
                "value": "percent"
              },
              {
                "id": "thresholds",
                "value": {
                  "mode": "percentage",
                  "steps": [
                    {
                      "color": "dark-green",
                      "value": null
                    },
                    {
                      "color": "orange",
                      "value": 60
                    },
                    {
                      "color": "red",
                      "value": 80
                    }
                  ]
                }
              },
              {
                "id": "decimals",
                "value": 1
              }
            ]
          },
          {
            "matcher": {
              "id": "byName",
              "options": "Value #J"
            },
            "properties": [
              {
                "id": "displayName",
                "value": "Memory"
              },
              {
                "id": "unit",
                "value": "percent"
              },
              {
                "id": "thresholds",
                "value": {
                  "mode": "percentage",
                  "steps": [
                    {
                      "color": "dark-green",
                      "value": null
                    },
                    {
                      "color": "orange",
                      "value": 60
                    },
                    {
                      "color": "red",
                      "value": 80
                    }
                  ]
                }
              }
            ]
          },
          {
            "matcher": {
              "id": "byName",
              "options": "Value #F"
            },
            "properties": [
              {
                "id": "decimals",
                "value": 0
              },
              {
                "id": "displayName",
                "value": "Most disk %"
              },
              {
                "id": "unit",
                "value": "percentunit"
              },
              {
                "id": "thresholds",
                "value": {
                  "mode": "percentage",
                  "steps": [
                    {
                      "color": "dark-green",
                      "value": null
                    },
                    {
                      "color": "orange",
                      "value": 80
                    },
                    {
                      "color": "red",
                      "value": 90
                    }
                  ]
                }
              }
            ]
          },
          {
            "matcher": {
              "id": "byName",
              "options": "Memory"
            },
            "properties": [
              {
                "id": "custom.width",
                "value": 88
              }
            ]
          },
          {
            "matcher": {
              "id": "byName",
              "options": "CPU"
            },
            "properties": [
              {
                "id": "custom.width",
                "value": 86
              }
            ]
          },
          {
            "matcher": {
              "id": "byName",
              "options": "hostname"
            },
            "properties": [
              {
                "id": "custom.width",
                "value": 137
              }
            ]
          },
          {
            "matcher": {
              "id": "byName",
              "options": "Most disk %"
            },
            "properties": [
              {
                "id": "custom.width",
                "value": 120
              }
            ]
          },
          {
            "matcher": {
              "id": "byName",
              "options": "Status"
            },
            "properties": [
              {
                "id": "custom.width",
                "value": 86
              }
            ]
          }
        ]
      },
      "gridPos": {
        "h": 7,
        "w": 10,
        "x": 10,
        "y": 4
      },
      "id": 7,
      "options": {
        "showHeader": true,
        "sortBy": [
          {
            "desc": false,
            "displayName": "hostname"
          }
        ]
      },
      "pluginVersion": "7.1.3",
      "targets": [
        {
          "expr": "100 - (avg by (instance) (irate(windows_cpu_time_total{job=\"windows\",mode=\"idle\"}[2m])) * 100)",
          "format": "table",
          "hide": false,
          "instant": true,
          "interval": "",
          "legendFormat": "",
          "refId": "I"
        },
        {
          "expr": "100 - 100 * windows_os_physical_memory_free_bytes{job=\"windows\"} / windows_cs_physical_memory_bytes{job=\"windows\"}",
          "format": "table",
          "hide": false,
          "instant": true,
          "interval": "",
          "legendFormat": "",
          "refId": "J"
        },
        {
          "expr": "max by (instance) (1-windows_logical_disk_free_bytes/windows_logical_disk_size_bytes)",
          "format": "table",
          "hide": false,
          "instant": true,
          "interval": "",
          "legendFormat": "",
          "refId": "F"
        },
        {
          "expr": "up{job=\"windows\"} == 1 or up{job=\"windows\"} == 0",
          "format": "table",
          "instant": true,
          "interval": "",
          "legendFormat": "",
          "refId": "A"
        }
      ],
      "timeFrom": null,
      "timeShift": null,
      "title": "Overview Linux",
      "transformations": [
        {
          "id": "merge",
          "options": {}
        },
        {
          "id": "organize",
          "options": {
            "excludeByName": {
              "Time": true,
              "Value #F": false,
              "Value #J": false,
              "__name__": true,
              "company": true,
              "instance": true,
              "job": true,
              "type": true
            },
            "indexByName": {
              "Time": 2,
              "Value #A": 1,
              "Value #F": 9,
              "Value #I": 4,
              "Value #J": 8,
              "__name__": 10,
              "company": 5,
              "hostname": 0,
              "instance": 3,
              "job": 6,
              "type": 7
            },
            "renameByName": {}
          }
        }
      ],
      "type": "table"
    },
    {
      "cacheTimeout": null,
      "datasource": null,
      "fieldConfig": {
        "defaults": {
          "custom": {
            "align": "left",
            "displayMode": "color-background",
            "width": 20
          },
          "links": [
            {
              "targetBlank": true,
              "title": "",
              "url": "http://10.10.10.26:3000/d/aI44X_vZk/network-devices?orgId=1&refresh=5s&var-name=${__data.fields[hostname]}"
            }
          ],
          "mappings": [
            {
              "from": "",
              "id": 0,
              "text": "up",
              "to": "",
              "type": 1,
              "value": "1"
            },
            {
              "from": "",
              "id": 1,
              "text": "down",
              "to": "",
              "type": 1,
              "value": "0"
            }
          ],
          "thresholds": {
            "mode": "absolute",
            "steps": [
              {
                "color": "dark-green",
                "value": null
              },
              {
                "color": "dark-red",
                "value": 0
              },
              {
                "color": "dark-green",
                "value": 1
              }
            ]
          }
        },
        "overrides": [
          {
            "matcher": {
              "id": "byName",
              "options": "status"
            },
            "properties": [
              {
                "id": "custom.width",
                "value": 75
              }
            ]
          },
          {
            "matcher": {
              "id": "byName",
              "options": "hostname"
            },
            "properties": [
              {
                "id": "custom.width",
                "value": 120
              }
            ]
          }
        ]
      },
      "gridPos": {
        "h": 7,
        "w": 4,
        "x": 20,
        "y": 4
      },
      "id": 4,
      "links": [],
      "options": {
        "frameIndex": 2,
        "showHeader": true,
        "sortBy": [
          {
            "desc": false,
            "displayName": "status"
          }
        ]
      },
      "pluginVersion": "7.1.3",
      "targets": [
        {
          "expr": "up{job=\"fortigate\"} == 1 or up{job=\"fortigate\"}",
          "format": "table",
          "hide": true,
          "instant": true,
          "interval": "",
          "intervalFactor": 1,
          "legendFormat": "{{ hostname }}",
          "refId": "A"
        },
        {
          "expr": "up{job=\"cisco\"} == 1 or up{job=\"cisco\"} == 0",
          "format": "table",
          "hide": false,
          "instant": true,
          "interval": "",
          "legendFormat": "{{hostname}}",
          "refId": "B"
        },
        {
          "expr": "up{job=\"pfsense\"} == 1 or up{job=\"pfsense\"} == 0",
          "format": "table",
          "hide": true,
          "instant": true,
          "interval": "",
          "legendFormat": "{{hostname}}",
          "refId": "C"
        }
      ],
      "timeFrom": null,
      "timeShift": null,
      "title": "Cisco",
      "transformations": [
        {
          "id": "merge",
          "options": {}
        },
        {
          "id": "seriesToColumns",
          "options": {
            "byField": "hostname"
          }
        },
        {
          "id": "calculateField",
          "options": {
            "mode": "reduceRow",
            "reduce": {
              "include": [],
              "reducer": "lastNotNull"
            },
            "replaceFields": false
          }
        },
        {
          "id": "filterFieldsByName",
          "options": {
            "include": {
              "names": [
                "hostname",
                "Last (not null)"
              ]
            }
          }
        },
        {
          "id": "organize",
          "options": {
            "excludeByName": {},
            "indexByName": {},
            "renameByName": {
              "Last (not null)": "status"
            }
          }
        }
      ],
      "type": "table"
    },
    {
      "cacheTimeout": null,
      "columns": [
        {
          "$$hashKey": "object:91",
          "text": "Status",
          "value": "current"
        }
      ],
      "datasource": null,
      "fieldConfig": {
        "defaults": {
          "custom": {}
        },
        "overrides": []
      },
      "fontSize": "90%",
      "gridPos": {
        "h": 5,
        "w": 5,
        "x": 10,
        "y": 11
      },
      "id": 6,
      "links": [],
      "pageSize": null,
      "scroll": true,
      "showHeader": true,
      "sort": {
        "col": 0,
        "desc": true
      },
      "styles": [
        {
          "$$hashKey": "object:93",
          "alias": "Time",
          "align": "auto",
          "dateFormat": "YYYY-MM-DD HH:mm:ss",
          "link": true,
          "linkTargetBlank": false,
          "pattern": "Time",
          "type": "hidden"
        },
        {
          "$$hashKey": "object:94",
          "alias": "",
          "align": "auto",
          "colorMode": "row",
          "colors": [
            "#37872D",
            "rgba(237, 129, 40, 0.89)",
            "rgba(245, 54, 54, 0.9)"
          ],
          "decimals": 2,
          "link": false,
          "linkUrl": "",
          "mappingType": 1,
          "pattern": "/.*/",
          "preserveFormat": true,
          "sanitize": true,
          "thresholds": [],
          "type": "string",
          "unit": "short",
          "valueMaps": [
            {
              "$$hashKey": "object:133",
              "text": "Up",
              "value": "1"
            },
            {
              "$$hashKey": "object:134",
              "text": "Down",
              "value": "0"
            }
          ]
        },
        {
          "$$hashKey": "object:95",
          "alias": "",
          "align": "auto",
          "colorMode": null,
          "colors": [
            "rgba(245, 54, 54, 0.9)",
            "rgba(237, 129, 40, 0.89)",
            "rgba(50, 172, 45, 0.97)"
          ],
          "dateFormat": "YYYY-MM-DD HH:mm:ss",
          "decimals": 2,
          "mappingType": 1,
          "pattern": "/.*/",
          "preserveFormat": true,
          "sanitize": true,
          "thresholds": [],
          "type": "string",
          "unit": "short"
        }
      ],
      "targets": [
        {
          "expr": "vmware_host_power_state == 1 or vmware_host_power_state == 0",
          "format": "time_series",
          "intervalFactor": 1,
          "legendFormat": "{{ host_name }}",
          "refId": "A"
        }
      ],
      "timeFrom": null,
      "timeShift": null,
      "title": "ESXi",
      "transform": "timeseries_aggregations",
      "type": "table-old"
    },
    {
      "cacheTimeout": null,
      "datasource": null,
      "fieldConfig": {
        "defaults": {
          "custom": {
            "align": "left",
            "displayMode": "color-background",
            "width": 20
          },
          "links": [
            {
              "targetBlank": true,
              "title": "",
              "url": "http://10.10.10.26:3000/d/U0I0vj2Zzsad/fortigate"
            }
          ],
          "mappings": [
            {
              "from": "",
              "id": 0,
              "text": "up",
              "to": "",
              "type": 1,
              "value": "1"
            },
            {
              "from": "",
              "id": 1,
              "text": "down",
              "to": "",
              "type": 1,
              "value": "0"
            }
          ],
          "thresholds": {
            "mode": "absolute",
            "steps": [
              {
                "color": "dark-green",
                "value": null
              },
              {
                "color": "dark-red",
                "value": 0
              },
              {
                "color": "dark-green",
                "value": 1
              }
            ]
          }
        },
        "overrides": [
          {
            "matcher": {
              "id": "byName",
              "options": "status"
            },
            "properties": [
              {
                "id": "custom.width",
                "value": 75
              }
            ]
          },
          {
            "matcher": {
              "id": "byName",
              "options": "hostname"
            },
            "properties": [
              {
                "id": "custom.width",
                "value": 120
              }
            ]
          }
        ]
      },
      "gridPos": {
        "h": 5,
        "w": 5,
        "x": 15,
        "y": 11
      },
      "id": 11,
      "links": [],
      "options": {
        "frameIndex": 2,
        "showHeader": true,
        "sortBy": [
          {
            "desc": true,
            "displayName": "status"
          }
        ]
      },
      "pluginVersion": "7.1.3",
      "targets": [
        {
          "expr": "up{job=\"fortigate\"} == 1 or up{job=\"fortigate\"}",
          "format": "table",
          "hide": false,
          "instant": true,
          "interval": "",
          "intervalFactor": 1,
          "legendFormat": "{{ hostname }}",
          "refId": "A"
        }
      ],
      "timeFrom": null,
      "timeShift": null,
      "title": "Fortigate",
      "transformations": [
        {
          "id": "merge",
          "options": {}
        },
        {
          "id": "seriesToColumns",
          "options": {
            "byField": "hostname"
          }
        },
        {
          "id": "calculateField",
          "options": {
            "mode": "reduceRow",
            "reduce": {
              "include": [],
              "reducer": "lastNotNull"
            },
            "replaceFields": false
          }
        },
        {
          "id": "filterFieldsByName",
          "options": {
            "include": {
              "names": [
                "hostname",
                "Last (not null)"
              ]
            }
          }
        },
        {
          "id": "organize",
          "options": {
            "excludeByName": {},
            "indexByName": {},
            "renameByName": {
              "Last (not null)": "status"
            }
          }
        }
      ],
      "type": "table"
    },
    {
      "cacheTimeout": null,
      "datasource": null,
      "fieldConfig": {
        "defaults": {
          "custom": {
            "align": "left",
            "displayMode": "color-background",
            "width": 20
          },
          "links": [
            {
              "targetBlank": true,
              "title": "",
              "url": "http://10.10.10.26:3000/${__value.time}"
            }
          ],
          "mappings": [
            {
              "from": "",
              "id": 0,
              "text": "up",
              "to": "",
              "type": 1,
              "value": "1"
            },
            {
              "from": "",
              "id": 1,
              "text": "down",
              "to": "",
              "type": 1,
              "value": "0"
            }
          ],
          "thresholds": {
            "mode": "absolute",
            "steps": [
              {
                "color": "dark-green",
                "value": null
              },
              {
                "color": "dark-red",
                "value": 0
              },
              {
                "color": "dark-green",
                "value": 1
              }
            ]
          }
        },
        "overrides": [
          {
            "matcher": {
              "id": "byName",
              "options": "status"
            },
            "properties": [
              {
                "id": "custom.width",
                "value": 75
              }
            ]
          },
          {
            "matcher": {
              "id": "byName",
              "options": "hostname"
            },
            "properties": [
              {
                "id": "custom.width",
                "value": 120
              }
            ]
          }
        ]
      },
      "gridPos": {
        "h": 5,
        "w": 4,
        "x": 20,
        "y": 11
      },
      "id": 9,
      "links": [],
      "options": {
        "frameIndex": 2,
        "showHeader": true,
        "sortBy": [
          {
            "desc": true,
            "displayName": "status"
          }
        ]
      },
      "pluginVersion": "7.1.3",
      "targets": [
        {
          "expr": "up{job=\"pfsense\"} == 1 or up{job=\"pfsense\"} == 0",
          "format": "table",
          "hide": false,
          "instant": true,
          "interval": "",
          "legendFormat": "{{hostname}}",
          "refId": "C"
        }
      ],
      "timeFrom": null,
      "timeShift": null,
      "title": "pfSense",
      "transformations": [
        {
          "id": "merge",
          "options": {}
        },
        {
          "id": "seriesToColumns",
          "options": {
            "byField": "hostname"
          }
        },
        {
          "id": "calculateField",
          "options": {
            "mode": "reduceRow",
            "reduce": {
              "include": [],
              "reducer": "lastNotNull"
            },
            "replaceFields": false
          }
        },
        {
          "id": "filterFieldsByName",
          "options": {
            "include": {
              "names": [
                "hostname",
                "Last (not null)"
              ]
            }
          }
        },
        {
          "id": "organize",
          "options": {
            "excludeByName": {},
            "indexByName": {},
            "renameByName": {
              "Last (not null)": "status"
            }
          }
        }
      ],
      "type": "table"
    },
    {
      "datasource": "Prometheus",
      "fieldConfig": {
        "defaults": {
          "custom": {
            "align": "left",
            "displayMode": "color-background"
          },
          "decimals": 0,
          "links": [],
          "mappings": [],
          "thresholds": {
            "mode": "percentage",
            "steps": [
              {
                "color": "green",
                "value": null
              }
            ]
          },
          "unit": "none"
        },
        "overrides": [
          {
            "matcher": {
              "id": "byName",
              "options": "Value #A"
            },
            "properties": [
              {
                "id": "unit",
                "value": "percent"
              },
              {
                "id": "thresholds",
                "value": {
                  "mode": "absolute",
                  "steps": [
                    {
                      "color": "green",
                      "value": null
                    },
                    {
                      "color": "orange",
                      "value": 80
                    },
                    {
                      "color": "red",
                      "value": 90
                    }
                  ]
                }
              },
              {
                "id": "displayName",
                "value": "Disk usage"
              }
            ]
          },
          {
            "matcher": {
              "id": "byName",
              "options": "Value #B"
            },
            "properties": [
              {
                "id": "unit",
                "value": "bytes"
              },
              {
                "id": "displayName",
                "value": "Disk free"
              }
            ]
          }
        ]
      },
      "gridPos": {
        "h": 5,
        "w": 14,
        "x": 10,
        "y": 16
      },
      "id": 19,
      "links": [],
      "options": {
        "showHeader": true,
        "sortBy": [
          {
            "desc": true,
            "displayName": "Disk usage"
          }
        ]
      },
      "pluginVersion": "7.1.3",
      "targets": [
        {
          "expr": "100 - (windows_logical_disk_free_bytes{job=\"windows\",volume!=\"HarddiskVolume1\"} / windows_logical_disk_size_bytes{job=\"windows\",volume!=\"HarddiskVolume1\"})*100",
          "format": "table",
          "hide": false,
          "instant": true,
          "interval": "",
          "intervalFactor": 1,
          "legendFormat": "",
          "refId": "A"
        },
        {
          "expr": "windows_logical_disk_free_bytes{job=\"windows\",volume!=\"HarddiskVolume1\"}",
          "format": "table",
          "instant": true,
          "interval": "",
          "legendFormat": "",
          "refId": "B"
        }
      ],
      "timeFrom": null,
      "timeShift": null,
      "title": "Disk usage",
      "transformations": [
        {
          "id": "merge",
          "options": {}
        },
        {
          "id": "filterFieldsByName",
          "options": {
            "include": {
              "names": [
                "hostname",
                "volume",
                "Value #A",
                "Value #B"
              ]
            }
          }
        }
      ],
      "type": "table"
    },
    {
      "aliasColors": {},
      "bars": false,
      "dashLength": 10,
      "dashes": false,
      "datasource": "Prometheus",
      "decimals": null,
      "fieldConfig": {
        "defaults": {
          "custom": {
            "align": null
          },
          "links": [],
          "mappings": [],
          "thresholds": {
            "mode": "absolute",
            "steps": [
              {
                "color": "green",
                "value": null
              },
              {
                "color": "red",
                "value": 80
              }
            ]
          }
        },
        "overrides": []
      },
      "fill": 0,
      "fillGradient": 0,
      "gridPos": {
        "h": 5,
        "w": 12,
        "x": 0,
        "y": 21
      },
      "hiddenSeries": false,
      "id": 29,
      "legend": {
        "alignAsTable": true,
        "avg": false,
        "current": true,
        "hideEmpty": true,
        "hideZero": true,
        "max": true,
        "min": true,
        "rightSide": true,
        "show": true,
        "sort": "current",
        "sortDesc": true,
        "total": false,
        "values": true
      },
      "lines": true,
      "linewidth": 1,
      "links": [],
      "nullPointMode": "connected",
      "percentage": false,
      "pluginVersion": "7.1.3",
      "pointradius": 5,
      "points": false,
      "renderer": "flot",
      "seriesOverrides": [],
      "spaceLength": 10,
      "stack": false,
      "steppedLine": false,
      "targets": [
        {
          "expr": "topk (5, (100 - 100 * windows_os_physical_memory_free_bytes{job=\"windows\"} / windows_cs_physical_memory_bytes{job=\"windows\"}))",
          "format": "time_series",
          "instant": false,
          "interval": "",
          "intervalFactor": 1,
          "legendFormat": "{{hostname}}",
          "refId": "A"
        }
      ],
      "thresholds": [],
      "timeFrom": null,
      "timeRegions": [],
      "timeShift": null,
      "title": "Top Ram utilization",
      "tooltip": {
        "shared": true,
        "sort": 0,
        "value_type": "individual"
      },
      "type": "graph",
      "xaxis": {
        "buckets": null,
        "mode": "time",
        "name": null,
        "show": true,
        "values": []
      },
      "yaxes": [
        {
          "$$hashKey": "object:180",
          "decimals": 0,
          "format": "percent",
          "label": null,
          "logBase": 1,
          "max": "100",
          "min": "1",
          "show": true
        },
        {
          "$$hashKey": "object:181",
          "format": "short",
          "label": null,
          "logBase": 1,
          "max": null,
          "min": null,
          "show": true
        }
      ],
      "yaxis": {
        "align": false,
        "alignLevel": null
      }
    },
    {
      "aliasColors": {},
      "bars": false,
      "dashLength": 10,
      "dashes": false,
      "datasource": "Prometheus",
      "decimals": null,
      "fieldConfig": {
        "defaults": {
          "custom": {
            "align": null
          },
          "links": [],
          "mappings": [],
          "thresholds": {
            "mode": "absolute",
            "steps": [
              {
                "color": "green",
                "value": null
              },
              {
                "color": "red",
                "value": 80
              }
            ]
          }
        },
        "overrides": []
      },
      "fill": 0,
      "fillGradient": 0,
      "gridPos": {
        "h": 5,
        "w": 12,
        "x": 12,
        "y": 21
      },
      "hiddenSeries": false,
      "id": 27,
      "legend": {
        "alignAsTable": true,
        "avg": false,
        "current": true,
        "hideEmpty": true,
        "hideZero": true,
        "max": true,
        "min": true,
        "rightSide": true,
        "show": true,
        "sort": "current",
        "sortDesc": true,
        "total": false,
        "values": true
      },
      "lines": true,
      "linewidth": 1,
      "links": [],
      "nullPointMode": "connected",
      "percentage": false,
      "pluginVersion": "7.1.3",
      "pointradius": 5,
      "points": false,
      "renderer": "flot",
      "seriesOverrides": [],
      "spaceLength": 10,
      "stack": false,
      "steppedLine": false,
      "targets": [
        {
          "expr": "topk (5, 100 - (avg by (hostname) ((irate(windows_cpu_time_total{job=\"windows\",mode=\"idle\"}[5m]) * 100))))",
          "format": "time_series",
          "instant": false,
          "interval": "",
          "intervalFactor": 1,
          "legendFormat": "{{hostname}}",
          "refId": "A"
        }
      ],
      "thresholds": [],
      "timeFrom": null,
      "timeRegions": [],
      "timeShift": null,
      "title": "Top CPU utilization",
      "tooltip": {
        "shared": true,
        "sort": 0,
        "value_type": "individual"
      },
      "type": "graph",
      "xaxis": {
        "buckets": null,
        "mode": "time",
        "name": null,
        "show": true,
        "values": []
      },
      "yaxes": [
        {
          "$$hashKey": "object:180",
          "format": "percent",
          "label": null,
          "logBase": 1,
          "max": "100",
          "min": "1",
          "show": true
        },
        {
          "$$hashKey": "object:181",
          "format": "short",
          "label": null,
          "logBase": 1,
          "max": null,
          "min": null,
          "show": true
        }
      ],
      "yaxis": {
        "align": false,
        "alignLevel": null
      }
    },
    {
      "aliasColors": {},
      "bars": false,
      "dashLength": 10,
      "dashes": false,
      "datasource": "Prometheus",
      "decimals": null,
      "fieldConfig": {
        "defaults": {
          "custom": {
            "align": null
          },
          "links": [],
          "mappings": [],
          "thresholds": {
            "mode": "absolute",
            "steps": [
              {
                "color": "green",
                "value": null
              },
              {
                "color": "red",
                "value": 80
              }
            ]
          }
        },
        "overrides": []
      },
      "fill": 0,
      "fillGradient": 0,
      "gridPos": {
        "h": 9,
        "w": 24,
        "x": 0,
        "y": 26
      },
      "hiddenSeries": false,
      "id": 31,
      "legend": {
        "alignAsTable": true,
        "avg": false,
        "current": true,
        "hideEmpty": true,
        "hideZero": true,
        "max": true,
        "min": false,
        "rightSide": true,
        "show": true,
        "total": false,
        "values": true
      },
      "lines": true,
      "linewidth": 1,
      "links": [],
      "nullPointMode": "connected",
      "percentage": false,
      "pluginVersion": "7.1.3",
      "pointradius": 5,
      "points": false,
      "renderer": "flot",
      "seriesOverrides": [],
      "spaceLength": 10,
      "stack": false,
      "steppedLine": false,
      "targets": [
        {
          "expr": "topk(5,rate(ifInOctets{job=\"$cisco\",ifName=~\"(Gi|Te).*\"}[5m])) * 8 ",
          "format": "time_series",
          "instant": false,
          "interval": "",
          "intervalFactor": 1,
          "legendFormat": "Receive - {{hostname}} - {{ifName}}",
          "refId": "A"
        },
        {
          "expr": "topk(5, rate(ifOutOctets{job=\"$cisco\",ifName=~\"(Gi|Te).*\"}[5m])) * 8 ",
          "format": "time_series",
          "instant": false,
          "interval": "",
          "intervalFactor": 1,
          "legendFormat": "Send - {{hostname}} - {{ifName}}",
          "refId": "B"
        }
      ],
      "thresholds": [],
      "timeFrom": null,
      "timeRegions": [],
      "timeShift": null,
      "title": "Top local interface traffic",
      "tooltip": {
        "shared": true,
        "sort": 0,
        "value_type": "individual"
      },
      "type": "graph",
      "xaxis": {
        "buckets": null,
        "mode": "time",
        "name": null,
        "show": true,
        "values": []
      },
      "yaxes": [
        {
          "$$hashKey": "object:180",
          "format": "bps",
          "label": null,
          "logBase": 1,
          "max": null,
          "min": null,
          "show": true
        },
        {
          "$$hashKey": "object:181",
          "format": "short",
          "label": null,
          "logBase": 1,
          "max": null,
          "min": null,
          "show": true
        }
      ],
      "yaxis": {
        "align": false,
        "alignLevel": null
      }
    },
    {
      "aliasColors": {},
      "bars": false,
      "dashLength": 10,
      "dashes": false,
      "datasource": null,
      "fieldConfig": {
        "defaults": {
          "custom": {},
          "links": []
        },
        "overrides": []
      },
      "fill": 1,
      "fillGradient": 0,
      "gridPos": {
        "h": 7,
        "w": 12,
        "x": 0,
        "y": 35
      },
      "hiddenSeries": false,
      "id": 33,
      "legend": {
        "alignAsTable": true,
        "avg": false,
        "current": true,
        "hideZero": true,
        "max": true,
        "min": false,
        "rightSide": true,
        "show": true,
        "sort": "max",
        "sortDesc": true,
        "total": false,
        "values": true
      },
      "lines": true,
      "linewidth": 1,
      "links": [],
      "nullPointMode": "connected",
      "percentage": false,
      "pluginVersion": "7.1.3",
      "pointradius": 2,
      "points": false,
      "renderer": "flot",
      "seriesOverrides": [],
      "spaceLength": 10,
      "stack": false,
      "steppedLine": false,
      "targets": [
        {
          "expr": "rate(ifOutDiscards{job=\"$cisco\",ifName=~\"(Gi|Te).*\"}[5m])",
          "format": "time_series",
          "intervalFactor": 1,
          "legendFormat": "{{hostname}} - {{ifName}} Out",
          "refId": "A"
        },
        {
          "expr": "rate(ifInDiscards{job=\"$cisco\",ifName=~\"(Gi|Te).*\"}[5m])",
          "format": "time_series",
          "intervalFactor": 1,
          "legendFormat": "{{hostname}} - {{ifName}} In",
          "refId": "B"
        }
      ],
      "thresholds": [],
      "timeFrom": null,
      "timeRegions": [],
      "timeShift": null,
      "title": "Discard",
      "tooltip": {
        "shared": true,
        "sort": 0,
        "value_type": "individual"
      },
      "type": "graph",
      "xaxis": {
        "buckets": null,
        "mode": "time",
        "name": null,
        "show": true,
        "values": []
      },
      "yaxes": [
        {
          "format": "pps",
          "label": null,
          "logBase": 1,
          "max": null,
          "min": null,
          "show": true
        },
        {
          "format": "short",
          "label": null,
          "logBase": 1,
          "max": null,
          "min": null,
          "show": true
        }
      ],
      "yaxis": {
        "align": false,
        "alignLevel": null
      }
    },
    {
      "aliasColors": {},
      "bars": false,
      "dashLength": 10,
      "dashes": false,
      "datasource": null,
      "fieldConfig": {
        "defaults": {
          "custom": {},
          "links": []
        },
        "overrides": []
      },
      "fill": 1,
      "fillGradient": 0,
      "gridPos": {
        "h": 7,
        "w": 12,
        "x": 12,
        "y": 35
      },
      "hiddenSeries": false,
      "id": 35,
      "legend": {
        "alignAsTable": true,
        "avg": false,
        "current": true,
        "hideZero": true,
        "max": true,
        "min": false,
        "rightSide": true,
        "show": true,
        "sort": "max",
        "sortDesc": true,
        "total": false,
        "values": true
      },
      "lines": true,
      "linewidth": 1,
      "links": [],
      "nullPointMode": "connected",
      "percentage": false,
      "pluginVersion": "7.1.3",
      "pointradius": 2,
      "points": false,
      "renderer": "flot",
      "seriesOverrides": [],
      "spaceLength": 10,
      "stack": false,
      "steppedLine": false,
      "targets": [
        {
          "expr": "rate(ifInErrors{job=\"$cisco\",ifName=~\"(Gi|Te).*\"}[5m])",
          "format": "time_series",
          "intervalFactor": 1,
          "legendFormat": "{{hostname}} - {{ifName}} In",
          "refId": "A"
        },
        {
          "expr": "rate(ifOutErrorss{job=\"$cisco\",ifName=~\"(Gi|Te).*\"}[5m])",
          "format": "time_series",
          "intervalFactor": 1,
          "legendFormat": "{{hostname}} - {{ifName}} Out",
          "refId": "B"
        }
      ],
      "thresholds": [],
      "timeFrom": null,
      "timeRegions": [],
      "timeShift": null,
      "title": "Interface Errors",
      "tooltip": {
        "shared": true,
        "sort": 0,
        "value_type": "individual"
      },
      "type": "graph",
      "xaxis": {
        "buckets": null,
        "mode": "time",
        "name": null,
        "show": true,
        "values": []
      },
      "yaxes": [
        {
          "format": "pps",
          "label": null,
          "logBase": 1,
          "max": null,
          "min": null,
          "show": true
        },
        {
          "format": "short",
          "label": null,
          "logBase": 1,
          "max": null,
          "min": null,
          "show": true
        }
      ],
      "yaxis": {
        "align": false,
        "alignLevel": null
      }
    }
  ],
  "schemaVersion": 26,
  "style": "dark",
  "tags": [
    "network",
    "systems",
    "infra"
  ],
  "templating": {
    "list": [
      {
        "allValue": null,
        "current": {
          "selected": false,
          "text": "fortigate",
          "value": "fortigate"
        },
        "datasource": "Prometheus",
        "definition": "label_values(fgSysUpTime,job)",
        "hide": 2,
        "includeAll": false,
        "label": "fortigate",
        "multi": false,
        "name": "instance",
        "options": [],
        "query": "label_values(fgSysUpTime,job)",
        "refresh": 1,
        "regex": "",
        "skipUrlSync": false,
        "sort": 0,
        "tagValuesQuery": "",
        "tags": [],
        "tagsQuery": "",
        "type": "query",
        "useTags": false
      },
      {
        "allValue": null,
        "current": {
          "selected": false,
          "text": "cisco",
          "value": "cisco"
        },
        "datasource": "Prometheus",
        "definition": "label_values(sysName,job)",
        "hide": 2,
        "includeAll": false,
        "label": "cisco",
        "multi": false,
        "name": "cisco",
        "options": [],
        "query": "label_values(sysName,job)",
        "refresh": 1,
        "regex": "",
        "skipUrlSync": false,
        "sort": 0,
        "tagValuesQuery": "",
        "tags": [],
        "tagsQuery": "",
        "type": "query",
        "useTags": false
      }
    ]
  },
  "time": {
    "from": "now-3h",
    "to": "now"
  },
  "timepicker": {
    "refresh_intervals": [
      "5s",
      "10s",
      "30s",
      "1m",
      "5m",
      "15m",
      "30m",
      "1h",
      "2h",
      "1d"
    ]
  },
  "timezone": "",
  "title": "Overview IT",
  "uid": "iXxBdSvGk",
  "version": 8
}