{
  "annotations": {
    "list": [
      {
        "builtIn": 1,
        "datasource": "-- Grafana --",
        "enable": true,
        "hide": true,
        "iconColor": "rgba(0, 211, 255, 1)",
        "name": "Annotations & Alerts",
        "type": "dashboard"
      }
    ]
  },
  "description": "Dashboard for Prometheus node_exporter on FreeBSD",
  "editable": true,
  "gnetId": 7179,
  "graphTooltip": 1,
  "id": 23,
  "iteration": 1589787725205,
  "links": [],
  "panels": [
    {
      "collapsed": false,
      "datasource": null,
      "gridPos": {
        "h": 1,
        "w": 24,
        "x": 0,
        "y": 0
      },
      "id": 280,
      "panels": [],
      "repeat": null,
      "title": "Basic CPU / Mem / Disk Gauge $instance",
      "type": "row"
    },
    {
      "cacheTimeout": null,
      "colorBackground": false,
      "colorValue": true,
      "colors": [
        "rgba(50, 172, 45, 0.97)",
        "rgba(237, 129, 40, 0.89)",
        "rgba(245, 54, 54, 0.9)"
      ],
      "datasource": "Prometheus",
      "decimals": null,
      "description": "Busy state of all CPU cores together",
      "format": "percent",
      "gauge": {
        "maxValue": 100,
        "minValue": 0,
        "show": true,
        "thresholdLabels": false,
        "thresholdMarkers": true
      },
      "gridPos": {
        "h": 4,
        "w": 4,
        "x": 0,
        "y": 1
      },
      "id": 20,
      "interval": null,
      "links": [],
      "mappingType": 1,
      "mappingTypes": [
        {
          "name": "value to text",
          "value": 1
        },
        {
          "name": "range to text",
          "value": 2
        }
      ],
      "maxDataPoints": 100,
      "maxPerRow": 12,
      "nullPointMode": "null",
      "nullText": null,
      "options": {},
      "postfix": "",
      "postfixFontSize": "50%",
      "prefix": "",
      "prefixFontSize": "50%",
      "rangeMaps": [
        {
          "from": "null",
          "text": "N/A",
          "to": "null"
        }
      ],
      "sparkline": {
        "fillColor": "rgba(31, 118, 189, 0.18)",
        "full": false,
        "lineColor": "rgb(31, 120, 193)",
        "show": true
      },
      "tableColumn": "",
      "targets": [
        {
          "expr": "sum(rate(node_cpu_seconds_total{mode!=\"idle\",instance=~\"$instance:$port\"}[30s])) / count(count(node_cpu_seconds_total{instance=~\"$instance:$port\"}) by (cpu)) * 100",
          "format": "time_series",
          "hide": false,
          "intervalFactor": 1,
          "legendFormat": "",
          "refId": "A",
          "step": 300
        }
      ],
      "thresholds": "85,95",
      "title": "CPU Busy $instance",
      "type": "singlestat",
      "valueFontSize": "80%",
      "valueMaps": [
        {
          "op": "=",
          "text": "N/A",
          "value": "null"
        }
      ],
      "valueName": "current"
    },
    {
      "cacheTimeout": null,
      "colorBackground": false,
      "colorValue": true,
      "colors": [
        "rgba(50, 172, 45, 0.97)",
        "rgba(237, 129, 40, 0.89)",
        "rgba(245, 54, 54, 0.9)"
      ],
      "datasource": "Prometheus",
      "decimals": null,
      "description": "Network errors/drops per second",
      "format": "pps",
      "gauge": {
        "maxValue": 100,
        "minValue": 0,
        "show": false,
        "thresholdLabels": false,
        "thresholdMarkers": true
      },
      "gridPos": {
        "h": 4,
        "w": 4,
        "x": 4,
        "y": 1
      },
      "id": 307,
      "interval": null,
      "links": [],
      "mappingType": 1,
      "mappingTypes": [
        {
          "name": "value to text",
          "value": 1
        },
        {
          "name": "range to text",
          "value": 2
        }
      ],
      "maxDataPoints": 100,
      "maxPerRow": 12,
      "nullPointMode": "null",
      "nullText": null,
      "options": {},
      "postfix": "",
      "postfixFontSize": "50%",
      "prefix": "",
      "prefixFontSize": "50%",
      "rangeMaps": [
        {
          "from": "null",
          "text": "N/A",
          "to": "null"
        }
      ],
      "sparkline": {
        "fillColor": "rgba(31, 118, 189, 0.18)",
        "full": false,
        "lineColor": "rgb(31, 120, 193)",
        "show": true
      },
      "tableColumn": "",
      "targets": [
        {
          "expr": "sum(rate(node_network_receive_drop{instance=~\"$instance:$port\"}[$interval])) + sum(rate(node_network_transmit_drop{instance=~\"$instance:$port\"}[$interval])) + sum(rate(node_network_receive_errs{instance=~\"$instance:$port\"}[$interval])) + sum(rate(node_network_transmit_errs{instance=~\"$instance:$port\"}[$interval]))",
          "format": "time_series",
          "hide": false,
          "intervalFactor": 1,
          "legendFormat": "",
          "refId": "A",
          "step": 300
        }
      ],
      "thresholds": "0.000000001,1",
      "title": "Net err/drops / sec $instance",
      "type": "singlestat",
      "valueFontSize": "80%",
      "valueMaps": [
        {
          "op": "=",
          "text": "N/A",
          "value": "null"
        }
      ],
      "valueName": "current"
    },
    {
      "cacheTimeout": null,
      "colorBackground": false,
      "colorValue": true,
      "colors": [
        "rgba(50, 172, 45, 0.97)",
        "rgba(237, 129, 40, 0.89)",
        "rgba(245, 54, 54, 0.9)"
      ],
      "datasource": "Prometheus",
      "decimals": 0,
      "description": "",
      "format": "percent",
      "gauge": {
        "maxValue": 100,
        "minValue": 0,
        "show": true,
        "thresholdLabels": false,
        "thresholdMarkers": true
      },
      "gridPos": {
        "h": 4,
        "w": 4,
        "x": 8,
        "y": 1
      },
      "hideTimeOverride": false,
      "id": 16,
      "interval": null,
      "links": [],
      "mappingType": 1,
      "mappingTypes": [
        {
          "name": "value to text",
          "value": 1
        },
        {
          "name": "range to text",
          "value": 2
        }
      ],
      "maxDataPoints": 100,
      "maxPerRow": 6,
      "nullPointMode": "null",
      "nullText": null,
      "options": {},
      "postfix": "",
      "postfixFontSize": "50%",
      "prefix": "",
      "prefixFontSize": "50%",
      "rangeMaps": [
        {
          "from": "null",
          "text": "N/A",
          "to": "null"
        }
      ],
      "sparkline": {
        "fillColor": "rgba(31, 118, 189, 0.18)",
        "full": false,
        "lineColor": "rgb(31, 120, 193)",
        "show": true
      },
      "tableColumn": "",
      "targets": [
        {
          "expr": "((node_memory_active_bytes{instance=~\"$instance:$port\"} + node_memory_wired_bytes{instance=~\"$instance:$port\"}) / node_memory_size_bytes{instance=~\"$instance:$port\"}) * 100",
          "format": "time_series",
          "hide": false,
          "intervalFactor": 1,
          "legendFormat": "",
          "refId": "A",
          "step": 900
        }
      ],
      "thresholds": "80,90",
      "title": "Used RAM $instance",
      "type": "singlestat",
      "valueFontSize": "80%",
      "valueMaps": [],
      "valueName": "current"
    },
    {
      "cacheTimeout": null,
      "colorBackground": false,
      "colorValue": true,
      "colors": [
        "rgba(50, 172, 45, 0.97)",
        "rgba(237, 129, 40, 0.89)",
        "rgba(245, 54, 54, 0.9)"
      ],
      "datasource": "Prometheus",
      "decimals": null,
      "description": "LA / CPU count (1 min average)",
      "format": "none",
      "gauge": {
        "maxValue": 1,
        "minValue": 0,
        "show": true,
        "thresholdLabels": false,
        "thresholdMarkers": true
      },
      "gridPos": {
        "h": 4,
        "w": 4,
        "x": 12,
        "y": 1
      },
      "id": 19,
      "interval": null,
      "links": [],
      "mappingType": 1,
      "mappingTypes": [
        {
          "name": "value to text",
          "value": 1
        },
        {
          "name": "range to text",
          "value": 2
        }
      ],
      "maxDataPoints": 100,
      "maxPerRow": 12,
      "nullPointMode": "null",
      "nullText": null,
      "options": {},
      "postfix": "",
      "postfixFontSize": "50%",
      "prefix": "",
      "prefixFontSize": "50%",
      "rangeMaps": [
        {
          "from": "null",
          "text": "N/A",
          "to": "null"
        }
      ],
      "sparkline": {
        "fillColor": "rgba(31, 118, 189, 0.18)",
        "full": false,
        "lineColor": "rgb(31, 120, 193)",
        "show": true
      },
      "tableColumn": "",
      "targets": [
        {
          "expr": "node_load1{instance=~\"$instance:$port\"} / scalar(count(count(node_cpu_seconds_total{instance=~\"$instance:$port\"}) by (cpu)))",
          "format": "time_series",
          "hide": false,
          "intervalFactor": 1,
          "legendFormat": "",
          "refId": "A",
          "step": 300
        }
      ],
      "thresholds": "1,1",
      "title": "Normalised LA (1m avg) $instance",
      "type": "singlestat",
      "valueFontSize": "80%",
      "valueMaps": [
        {
          "op": "=",
          "text": "N/A",
          "value": "null"
        }
      ],
      "valueName": "current"
    },
    {
      "cacheTimeout": null,
      "colorBackground": false,
      "colorValue": true,
      "colors": [
        "rgba(50, 172, 45, 0.97)",
        "rgba(237, 129, 40, 0.89)",
        "rgba(245, 54, 54, 0.9)"
      ],
      "datasource": "Prometheus",
      "decimals": null,
      "description": "LA / CPU count (5 min average)",
      "format": "none",
      "gauge": {
        "maxValue": 1,
        "minValue": 0,
        "show": true,
        "thresholdLabels": false,
        "thresholdMarkers": true
      },
      "gridPos": {
        "h": 4,
        "w": 4,
        "x": 16,
        "y": 1
      },
      "id": 155,
      "interval": null,
      "links": [],
      "mappingType": 1,
      "mappingTypes": [
        {
          "name": "value to text",
          "value": 1
        },
        {
          "name": "range to text",
          "value": 2
        }
      ],
      "maxDataPoints": 100,
      "maxPerRow": 12,
      "nullPointMode": "null",
      "nullText": null,
      "options": {},
      "postfix": "",
      "postfixFontSize": "50%",
      "prefix": "",
      "prefixFontSize": "50%",
      "rangeMaps": [
        {
          "from": "null",
          "text": "N/A",
          "to": "null"
        }
      ],
      "sparkline": {
        "fillColor": "rgba(31, 118, 189, 0.18)",
        "full": false,
        "lineColor": "rgb(31, 120, 193)",
        "show": true
      },
      "tableColumn": "",
      "targets": [
        {
          "expr": "node_load5{instance=~\"$instance:$port\"} / scalar(count(count(node_cpu_seconds_total{instance=~\"$instance:$port\"}) by (cpu)))",
          "format": "time_series",
          "hide": false,
          "intervalFactor": 1,
          "refId": "A",
          "step": 300
        }
      ],
      "thresholds": "1,1",
      "title": "Normalised LA (5m avg) $instance",
      "type": "singlestat",
      "valueFontSize": "80%",
      "valueMaps": [
        {
          "op": "=",
          "text": "N/A",
          "value": "null"
        }
      ],
      "valueName": "current"
    },
    {
      "cacheTimeout": null,
      "colorBackground": false,
      "colorValue": true,
      "colors": [
        "rgba(50, 172, 45, 0.97)",
        "rgba(237, 129, 40, 0.89)",
        "rgba(245, 54, 54, 0.9)"
      ],
      "datasource": "Prometheus",
      "decimals": 2,
      "description": "LA / CPU count (15m avg)",
      "format": "none",
      "gauge": {
        "maxValue": 1,
        "minValue": 0,
        "show": true,
        "thresholdLabels": false,
        "thresholdMarkers": true
      },
      "gridPos": {
        "h": 4,
        "w": 4,
        "x": 20,
        "y": 1
      },
      "id": 17,
      "interval": null,
      "links": [],
      "mappingType": 1,
      "mappingTypes": [
        {
          "name": "value to text",
          "value": 1
        },
        {
          "name": "range to text",
          "value": 2
        }
      ],
      "maxDataPoints": 100,
      "maxPerRow": 12,
      "nullPointMode": "null",
      "nullText": null,
      "options": {},
      "postfix": "",
      "postfixFontSize": "50%",
      "prefix": "",
      "prefixFontSize": "50%",
      "rangeMaps": [
        {
          "from": "null",
          "text": "N/A",
          "to": "null"
        }
      ],
      "sparkline": {
        "fillColor": "rgba(31, 118, 189, 0.18)",
        "full": false,
        "lineColor": "rgb(31, 120, 193)",
        "show": true
      },
      "tableColumn": "",
      "targets": [
        {
          "expr": "node_load15{instance=~\"$instance:$port\"} / scalar(count(count(node_cpu_seconds_total{instance=~\"$instance:$port\"}) by (cpu)))",
          "format": "time_series",
          "hide": false,
          "intervalFactor": 1,
          "refId": "A",
          "step": 300
        }
      ],
      "thresholds": "1,1",
      "title": "Normalised LA (15m avg) $instance",
      "type": "singlestat",
      "valueFontSize": "50%",
      "valueMaps": [
        {
          "op": "=",
          "text": "N/A",
          "value": "null"
        }
      ],
      "valueName": "current"
    },
    {
      "collapsed": false,
      "datasource": null,
      "gridPos": {
        "h": 1,
        "w": 24,
        "x": 0,
        "y": 5
      },
      "id": 281,
      "panels": [],
      "repeat": null,
      "title": "Basic CPU / Mem / Disk Info $instance",
      "type": "row"
    },
    {
      "cacheTimeout": null,
      "colorBackground": false,
      "colorValue": false,
      "colors": [
        "rgba(245, 54, 54, 0.9)",
        "rgba(237, 129, 40, 0.89)",
        "rgba(50, 172, 45, 0.97)"
      ],
      "datasource": "Prometheus",
      "description": "Total number of CPU cores",
      "format": "short",
      "gauge": {
        "maxValue": 100,
        "minValue": 0,
        "show": false,
        "thresholdLabels": false,
        "thresholdMarkers": true
      },
      "gridPos": {
        "h": 2,
        "w": 6,
        "x": 0,
        "y": 6
      },
      "id": 14,
      "interval": null,
      "links": [],
      "mappingType": 1,
      "mappingTypes": [
        {
          "name": "value to text",
          "value": 1
        },
        {
          "name": "range to text",
          "value": 2
        }
      ],
      "maxDataPoints": 100,
      "maxPerRow": 6,
      "nullPointMode": "null",
      "nullText": null,
      "options": {},
      "postfix": "",
      "postfixFontSize": "50%",
      "prefix": "",
      "prefixFontSize": "50%",
      "rangeMaps": [
        {
          "from": "null",
          "text": "N/A",
          "to": "null"
        }
      ],
      "sparkline": {
        "fillColor": "rgba(31, 118, 189, 0.18)",
        "full": false,
        "lineColor": "rgb(31, 120, 193)",
        "show": false
      },
      "tableColumn": "",
      "targets": [
        {
          "expr": "count(count(node_cpu_seconds_total{instance=~\"$instance:$port\"}) by (cpu))",
          "format": "time_series",
          "intervalFactor": 1,
          "refId": "A",
          "step": 300
        }
      ],
      "thresholds": "",
      "title": "CPU Cores $instance",
      "type": "singlestat",
      "valueFontSize": "50%",
      "valueMaps": [
        {
          "op": "=",
          "text": "N/A",
          "value": "null"
        }
      ],
      "valueName": "current"
    },
    {
      "cacheTimeout": null,
      "colorBackground": false,
      "colorValue": false,
      "colors": [
        "rgba(245, 54, 54, 0.9)",
        "rgba(237, 129, 40, 0.89)",
        "rgba(50, 172, 45, 0.97)"
      ],
      "datasource": "Prometheus",
      "decimals": 2,
      "description": "Total RAM",
      "format": "bytes",
      "gauge": {
        "maxValue": 100,
        "minValue": 0,
        "show": false,
        "thresholdLabels": false,
        "thresholdMarkers": true
      },
      "gridPos": {
        "h": 2,
        "w": 6,
        "x": 6,
        "y": 6
      },
      "id": 75,
      "interval": null,
      "links": [],
      "mappingType": 1,
      "mappingTypes": [
        {
          "name": "value to text",
          "value": 1
        },
        {
          "name": "range to text",
          "value": 2
        }
      ],
      "maxDataPoints": 100,
      "maxPerRow": 6,
      "nullPointMode": "null",
      "nullText": null,
      "options": {},
      "postfix": "",
      "postfixFontSize": "70%",
      "prefix": "",
      "prefixFontSize": "50%",
      "rangeMaps": [
        {
          "from": "null",
          "text": "N/A",
          "to": "null"
        }
      ],
      "sparkline": {
        "fillColor": "rgba(31, 118, 189, 0.18)",
        "full": false,
        "lineColor": "rgb(31, 120, 193)",
        "show": false
      },
      "tableColumn": "",
      "targets": [
        {
          "expr": "node_memory_size_bytes{instance=~\"$instance:$port\"}",
          "format": "time_series",
          "intervalFactor": 1,
          "refId": "A",
          "step": 300
        }
      ],
      "thresholds": "",
      "title": "Total RAM $instance",
      "type": "singlestat",
      "valueFontSize": "50%",
      "valueMaps": [
        {
          "op": "=",
          "text": "N/A",
          "value": "null"
        }
      ],
      "valueName": "current"
    },
    {
      "cacheTimeout": null,
      "colorBackground": false,
      "colorValue": false,
      "colors": [
        "rgba(245, 54, 54, 0.9)",
        "rgba(237, 129, 40, 0.89)",
        "rgba(50, 172, 45, 0.97)"
      ],
      "datasource": "Prometheus",
      "decimals": 2,
      "description": "Total SWAP",
      "format": "bytes",
      "gauge": {
        "maxValue": 100,
        "minValue": 0,
        "show": false,
        "thresholdLabels": false,
        "thresholdMarkers": true
      },
      "gridPos": {
        "h": 2,
        "w": 6,
        "x": 12,
        "y": 6
      },
      "id": 18,
      "interval": null,
      "links": [],
      "mappingType": 1,
      "mappingTypes": [
        {
          "name": "value to text",
          "value": 1
        },
        {
          "name": "range to text",
          "value": 2
        }
      ],
      "maxDataPoints": 100,
      "maxPerRow": 6,
      "nullPointMode": "null",
      "nullText": null,
      "options": {},
      "postfix": "",
      "postfixFontSize": "70%",
      "prefix": "",
      "prefixFontSize": "50%",
      "rangeMaps": [
        {
          "from": "null",
          "text": "N/A",
          "to": "null"
        }
      ],
      "sparkline": {
        "fillColor": "rgba(31, 118, 189, 0.18)",
        "full": false,
        "lineColor": "rgb(31, 120, 193)",
        "show": false
      },
      "tableColumn": "",
      "targets": [
        {
          "expr": "node_memory_swap_size_bytes{instance=~\"$instance:$port\"}",
          "format": "time_series",
          "intervalFactor": 1,
          "legendFormat": "",
          "refId": "A",
          "step": 300
        }
      ],
      "thresholds": "",
      "title": "Total SWAP $instance",
      "type": "singlestat",
      "valueFontSize": "50%",
      "valueMaps": [
        {
          "op": "=",
          "text": "N/A",
          "value": "null"
        }
      ],
      "valueName": "current"
    },
    {
      "cacheTimeout": null,
      "colorBackground": false,
      "colorValue": false,
      "colors": [
        "rgba(50, 172, 45, 0.97)",
        "rgba(237, 129, 40, 0.89)",
        "rgba(245, 54, 54, 0.9)"
      ],
      "datasource": "Prometheus",
      "decimals": null,
      "description": "Total RootFS",
      "format": "bytes",
      "gauge": {
        "maxValue": 100,
        "minValue": 0,
        "show": false,
        "thresholdLabels": false,
        "thresholdMarkers": true
      },
      "gridPos": {
        "h": 2,
        "w": 6,
        "x": 18,
        "y": 6
      },
      "id": 23,
      "interval": null,
      "links": [],
      "mappingType": 1,
      "mappingTypes": [
        {
          "name": "value to text",
          "value": 1
        },
        {
          "name": "range to text",
          "value": 2
        }
      ],
      "maxDataPoints": 100,
      "maxPerRow": 6,
      "nullPointMode": "null",
      "nullText": null,
      "options": {},
      "postfix": "",
      "postfixFontSize": "50%",
      "prefix": "",
      "prefixFontSize": "50%",
      "rangeMaps": [
        {
          "from": "null",
          "text": "N/A",
          "to": "null"
        }
      ],
      "sparkline": {
        "fillColor": "rgba(31, 118, 189, 0.18)",
        "full": false,
        "lineColor": "rgb(31, 120, 193)",
        "show": false
      },
      "tableColumn": "",
      "targets": [
        {
          "expr": "node_filesystem_size{instance=~\"$instance:$port\",mountpoint=~\"/\"}",
          "format": "time_series",
          "hide": false,
          "intervalFactor": 1,
          "refId": "A",
          "step": 300
        }
      ],
      "thresholds": "70,90",
      "title": "Total RootFS $instance",
      "type": "singlestat",
      "valueFontSize": "50%",
      "valueMaps": [
        {
          "op": "=",
          "text": "N/A",
          "value": "null"
        }
      ],
      "valueName": "current"
    },
    {
      "collapsed": false,
      "datasource": null,
      "gridPos": {
        "h": 1,
        "w": 24,
        "x": 0,
        "y": 8
      },
      "id": 283,
      "panels": [],
      "repeat": null,
      "title": "Network",
      "type": "row"
    },
    {
      "aliasColors": {
        "Recv_bytes_eth2": "#7EB26D",
        "Recv_bytes_lo": "#0A50A1",
        "Recv_drop_eth2": "#6ED0E0",
        "Recv_drop_lo": "#E0F9D7",
        "Recv_errs_eth2": "#BF1B00",
        "Recv_errs_lo": "#CCA300",
        "Trans_bytes_eth2": "#7EB26D",
        "Trans_bytes_lo": "#0A50A1",
        "Trans_drop_eth2": "#6ED0E0",
        "Trans_drop_lo": "#E0F9D7",
        "Trans_errs_eth2": "#BF1B00",
        "Trans_errs_lo": "#CCA300",
        "recv_bytes_lo": "#0A50A1",
        "recv_drop_eth0": "#99440A",
        "recv_drop_lo": "#967302",
        "recv_errs_eth0": "#BF1B00",
        "recv_errs_lo": "#890F02",
        "trans_bytes_eth0": "#7EB26D",
        "trans_bytes_lo": "#0A50A1",
        "trans_drop_eth0": "#99440A",
        "trans_drop_lo": "#967302",
        "trans_errs_eth0": "#BF1B00",
        "trans_errs_lo": "#890F02"
      },
      "bars": false,
      "dashLength": 10,
      "dashes": false,
      "datasource": "Prometheus",
      "description": "Basic network info per interface",
      "fill": 4,
      "fillGradient": 0,
      "gridPos": {
        "h": 8,
        "w": 12,
        "x": 0,
        "y": 9
      },
      "hiddenSeries": false,
      "id": 74,
      "legend": {
        "alignAsTable": true,
        "avg": false,
        "current": false,
        "hideEmpty": false,
        "hideZero": false,
        "max": true,
        "min": false,
        "rightSide": true,
        "show": true,
        "sort": "current",
        "sortDesc": true,
        "total": false,
        "values": true
      },
      "lines": true,
      "linewidth": 1,
      "links": [],
      "nullPointMode": "null as zero",
      "options": {
        "dataLinks": []
      },
      "percentage": false,
      "pointradius": 5,
      "points": false,
      "renderer": "flot",
      "seriesOverrides": [
        {
          "alias": "/.*trans.*/",
          "transform": "negative-Y"
        },
        {
          "alias": "/.*lo.*/",
          "color": "#7EB26D"
        },
        {
          "alias": "/.*eth0.*/",
          "color": "#EAB839"
        },
        {
          "alias": "/.*eth1.*/",
          "color": "#6ED0E0"
        },
        {
          "alias": "/.*eth2.*/",
          "color": "#EF843C"
        },
        {
          "alias": "/.*eth3.*/",
          "color": "#E24D42"
        },
        {
          "alias": "/.*eth4.*/",
          "color": "#1F78C1"
        },
        {
          "alias": "/.*eth5.*/",
          "color": "#BA43A9"
        }
      ],
      "spaceLength": 10,
      "stack": false,
      "steppedLine": false,
      "targets": [
        {
          "expr": "rate(node_network_receive_bytes{instance=~\"$instance:$port\"}[$interval]) * 8 > 0",
          "format": "time_series",
          "intervalFactor": 1,
          "legendFormat": "{{device}} recv",
          "refId": "A",
          "step": 60
        },
        {
          "expr": "rate(node_network_transmit_bytes{instance=~\"$instance:$port\"}[$interval]) * 8 > 0",
          "format": "time_series",
          "intervalFactor": 1,
          "legendFormat": "{{device}} trans",
          "refId": "B",
          "step": 60
        }
      ],
      "thresholds": [],
      "timeFrom": null,
      "timeRegions": [],
      "timeShift": null,
      "title": "Network Traffic / sec $instance",
      "tooltip": {
        "shared": true,
        "sort": 2,
        "value_type": "individual"
      },
      "type": "graph",
      "xaxis": {
        "buckets": null,
        "mode": "time",
        "name": null,
        "show": true,
        "values": []
      },
      "yaxes": [
        {
          "format": "bps",
          "label": null,
          "logBase": 1,
          "max": null,
          "min": null,
          "show": true
        },
        {
          "format": "pps",
          "label": "",
          "logBase": 1,
          "max": null,
          "min": null,
          "show": false
        }
      ],
      "yaxis": {
        "align": false,
        "alignLevel": null
      }
    },
    {
      "aliasColors": {
        "Recv_bytes_eth2": "#7EB26D",
        "Recv_bytes_lo": "#0A50A1",
        "Recv_drop_eth2": "#6ED0E0",
        "Recv_drop_lo": "#E0F9D7",
        "Recv_errs_eth2": "#BF1B00",
        "Recv_errs_lo": "#CCA300",
        "Trans_bytes_eth2": "#7EB26D",
        "Trans_bytes_lo": "#0A50A1",
        "Trans_drop_eth2": "#6ED0E0",
        "Trans_drop_lo": "#E0F9D7",
        "Trans_errs_eth2": "#BF1B00",
        "Trans_errs_lo": "#CCA300",
        "recv_bytes_lo": "#0A50A1",
        "recv_drop_eth0": "#99440A",
        "recv_drop_lo": "#967302",
        "recv_errs_eth0": "#BF1B00",
        "recv_errs_lo": "#890F02",
        "trans_bytes_eth0": "#7EB26D",
        "trans_bytes_lo": "#0A50A1",
        "trans_drop_eth0": "#99440A",
        "trans_drop_lo": "#967302",
        "trans_errs_eth0": "#BF1B00",
        "trans_errs_lo": "#890F02"
      },
      "bars": false,
      "dashLength": 10,
      "dashes": false,
      "datasource": "Prometheus",
      "description": "",
      "fill": 4,
      "fillGradient": 0,
      "gridPos": {
        "h": 8,
        "w": 12,
        "x": 12,
        "y": 9
      },
      "hiddenSeries": false,
      "id": 303,
      "legend": {
        "alignAsTable": true,
        "avg": false,
        "current": false,
        "hideEmpty": false,
        "hideZero": false,
        "max": true,
        "min": false,
        "rightSide": true,
        "show": true,
        "sort": "current",
        "sortDesc": true,
        "total": false,
        "values": true
      },
      "lines": true,
      "linewidth": 1,
      "links": [],
      "nullPointMode": "null as zero",
      "options": {
        "dataLinks": []
      },
      "percentage": false,
      "pointradius": 5,
      "points": false,
      "renderer": "flot",
      "seriesOverrides": [
        {
          "alias": "/.*trans.*/",
          "transform": "negative-Y"
        },
        {
          "alias": "/.*lo.*/",
          "color": "#7EB26D"
        },
        {
          "alias": "/.*eth0.*/",
          "color": "#EAB839"
        },
        {
          "alias": "/.*eth1.*/",
          "color": "#6ED0E0"
        },
        {
          "alias": "/.*eth2.*/",
          "color": "#EF843C"
        },
        {
          "alias": "/.*eth3.*/",
          "color": "#E24D42"
        },
        {
          "alias": "/.*eth4.*/",
          "color": "#1F78C1"
        },
        {
          "alias": "/.*eth5.*/",
          "color": "#BA43A9"
        }
      ],
      "spaceLength": 10,
      "stack": false,
      "steppedLine": false,
      "targets": [
        {
          "expr": "rate(node_network_receive_packets{instance=~\"$instance:$port\"}[$interval]) > 0",
          "format": "time_series",
          "intervalFactor": 1,
          "legendFormat": "recv {{device}}",
          "refId": "A",
          "step": 60
        },
        {
          "expr": "rate(node_network_transmit_packets{instance=~\"$instance:$port\"}[$interval]) > 0",
          "format": "time_series",
          "intervalFactor": 1,
          "legendFormat": "trans {{device}} ",
          "refId": "B",
          "step": 60
        }
      ],
      "thresholds": [],
      "timeFrom": null,
      "timeRegions": [],
      "timeShift": null,
      "title": "Network packets / sec $instance",
      "tooltip": {
        "shared": true,
        "sort": 2,
        "value_type": "individual"
      },
      "type": "graph",
      "xaxis": {
        "buckets": null,
        "mode": "time",
        "name": null,
        "show": true,
        "values": []
      },
      "yaxes": [
        {
          "format": "pps",
          "label": null,
          "logBase": 1,
          "max": null,
          "min": null,
          "show": true
        },
        {
          "format": "pps",
          "label": "",
          "logBase": 1,
          "max": null,
          "min": null,
          "show": false
        }
      ],
      "yaxis": {
        "align": false,
        "alignLevel": null
      }
    },
    {
      "aliasColors": {
        "Recv_bytes_eth2": "#7EB26D",
        "Recv_bytes_lo": "#0A50A1",
        "Recv_drop_eth2": "#6ED0E0",
        "Recv_drop_lo": "#E0F9D7",
        "Recv_errs_eth2": "#BF1B00",
        "Recv_errs_lo": "#CCA300",
        "Trans_bytes_eth2": "#7EB26D",
        "Trans_bytes_lo": "#0A50A1",
        "Trans_drop_eth2": "#6ED0E0",
        "Trans_drop_lo": "#E0F9D7",
        "Trans_errs_eth2": "#BF1B00",
        "Trans_errs_lo": "#CCA300",
        "recv_bytes_lo": "#0A50A1",
        "recv_drop_eth0": "#99440A",
        "recv_drop_lo": "#967302",
        "recv_errs_eth0": "#BF1B00",
        "recv_errs_lo": "#890F02",
        "trans_bytes_eth0": "#7EB26D",
        "trans_bytes_lo": "#0A50A1",
        "trans_drop_eth0": "#99440A",
        "trans_drop_lo": "#967302",
        "trans_errs_eth0": "#BF1B00",
        "trans_errs_lo": "#890F02"
      },
      "bars": false,
      "dashLength": 10,
      "dashes": false,
      "datasource": "Prometheus",
      "description": "",
      "fill": 4,
      "fillGradient": 0,
      "gridPos": {
        "h": 4,
        "w": 12,
        "x": 0,
        "y": 17
      },
      "hiddenSeries": false,
      "id": 304,
      "legend": {
        "alignAsTable": false,
        "avg": false,
        "current": false,
        "hideEmpty": false,
        "hideZero": false,
        "max": false,
        "min": false,
        "rightSide": false,
        "show": true,
        "sort": "current",
        "sortDesc": true,
        "total": false,
        "values": false
      },
      "lines": true,
      "linewidth": 1,
      "links": [],
      "nullPointMode": "null as zero",
      "options": {
        "dataLinks": []
      },
      "percentage": false,
      "pointradius": 5,
      "points": false,
      "renderer": "flot",
      "seriesOverrides": [],
      "spaceLength": 10,
      "stack": false,
      "steppedLine": false,
      "targets": [
        {
          "expr": "rate(node_network_receive_drop{instance=~\"$instance:$port\"}[$interval]) > 0",
          "format": "time_series",
          "intervalFactor": 1,
          "legendFormat": "recv {{device}}",
          "refId": "A",
          "step": 60
        },
        {
          "expr": "rate(node_network_transmit_drop{instance=~\"$instance:$port\"}[$interval]) > 0",
          "format": "time_series",
          "intervalFactor": 1,
          "legendFormat": "trans {{device}} ",
          "refId": "B",
          "step": 60
        }
      ],
      "thresholds": [],
      "timeFrom": null,
      "timeRegions": [],
      "timeShift": null,
      "title": "Packets drops / sec $instance",
      "tooltip": {
        "shared": true,
        "sort": 2,
        "value_type": "individual"
      },
      "type": "graph",
      "xaxis": {
        "buckets": null,
        "mode": "time",
        "name": null,
        "show": true,
        "values": []
      },
      "yaxes": [
        {
          "format": "pps",
          "label": null,
          "logBase": 1,
          "max": null,
          "min": null,
          "show": true
        },
        {
          "format": "pps",
          "label": "",
          "logBase": 1,
          "max": null,
          "min": null,
          "show": false
        }
      ],
      "yaxis": {
        "align": false,
        "alignLevel": null
      }
    },
    {
      "aliasColors": {
        "Recv_bytes_eth2": "#7EB26D",
        "Recv_bytes_lo": "#0A50A1",
        "Recv_drop_eth2": "#6ED0E0",
        "Recv_drop_lo": "#E0F9D7",
        "Recv_errs_eth2": "#BF1B00",
        "Recv_errs_lo": "#CCA300",
        "Trans_bytes_eth2": "#7EB26D",
        "Trans_bytes_lo": "#0A50A1",
        "Trans_drop_eth2": "#6ED0E0",
        "Trans_drop_lo": "#E0F9D7",
        "Trans_errs_eth2": "#BF1B00",
        "Trans_errs_lo": "#CCA300",
        "recv_bytes_lo": "#0A50A1",
        "recv_drop_eth0": "#99440A",
        "recv_drop_lo": "#967302",
        "recv_errs_eth0": "#BF1B00",
        "recv_errs_lo": "#890F02",
        "trans_bytes_eth0": "#7EB26D",
        "trans_bytes_lo": "#0A50A1",
        "trans_drop_eth0": "#99440A",
        "trans_drop_lo": "#967302",
        "trans_errs_eth0": "#BF1B00",
        "trans_errs_lo": "#890F02"
      },
      "bars": false,
      "dashLength": 10,
      "dashes": false,
      "datasource": "Prometheus",
      "description": "",
      "fill": 4,
      "fillGradient": 0,
      "gridPos": {
        "h": 4,
        "w": 12,
        "x": 12,
        "y": 17
      },
      "hiddenSeries": false,
      "id": 302,
      "legend": {
        "alignAsTable": false,
        "avg": false,
        "current": false,
        "hideEmpty": false,
        "hideZero": false,
        "max": false,
        "min": false,
        "rightSide": false,
        "show": true,
        "sort": "current",
        "sortDesc": true,
        "total": false,
        "values": false
      },
      "lines": true,
      "linewidth": 1,
      "links": [],
      "nullPointMode": "null as zero",
      "options": {
        "dataLinks": []
      },
      "percentage": false,
      "pointradius": 5,
      "points": false,
      "renderer": "flot",
      "seriesOverrides": [],
      "spaceLength": 10,
      "stack": false,
      "steppedLine": false,
      "targets": [
        {
          "expr": "rate(node_network_receive_errs{instance=~\"$instance:$port\"}[$interval]) > 0",
          "format": "time_series",
          "intervalFactor": 1,
          "legendFormat": "recv {{device}}",
          "refId": "A",
          "step": 60
        },
        {
          "expr": "rate(node_network_transmit_errs{instance=~\"$instance:$port\"}[$interval]) > 0",
          "format": "time_series",
          "intervalFactor": 1,
          "legendFormat": "trans {{device}} ",
          "refId": "B",
          "step": 60
        }
      ],
      "thresholds": [],
      "timeFrom": null,
      "timeRegions": [],
      "timeShift": null,
      "title": "Network Errors / sec $instance",
      "tooltip": {
        "shared": true,
        "sort": 2,
        "value_type": "individual"
      },
      "type": "graph",
      "xaxis": {
        "buckets": null,
        "mode": "time",
        "name": null,
        "show": true,
        "values": []
      },
      "yaxes": [
        {
          "format": "none",
          "label": null,
          "logBase": 1,
          "max": null,
          "min": null,
          "show": true
        },
        {
          "format": "pps",
          "label": "",
          "logBase": 1,
          "max": null,
          "min": null,
          "show": false
        }
      ],
      "yaxis": {
        "align": false,
        "alignLevel": null
      }
    },
    {
      "collapsed": false,
      "datasource": null,
      "gridPos": {
        "h": 1,
        "w": 24,
        "x": 0,
        "y": 21
      },
      "id": 289,
      "panels": [],
      "repeat": null,
      "title": "System Detail",
      "type": "row"
    },
    {
      "aliasColors": {
        "Recv_bytes_eth2": "#7EB26D",
        "Recv_bytes_lo": "#0A50A1",
        "Recv_drop_eth2": "#6ED0E0",
        "Recv_drop_lo": "#E0F9D7",
        "Recv_errs_eth2": "#BF1B00",
        "Recv_errs_lo": "#CCA300",
        "Trans_bytes_eth2": "#7EB26D",
        "Trans_bytes_lo": "#0A50A1",
        "Trans_drop_eth2": "#6ED0E0",
        "Trans_drop_lo": "#E0F9D7",
        "Trans_errs_eth2": "#BF1B00",
        "Trans_errs_lo": "#CCA300",
        "recv_bytes_lo": "#0A50A1",
        "recv_drop_eth0": "#99440A",
        "recv_drop_lo": "#967302",
        "recv_errs_eth0": "#BF1B00",
        "recv_errs_lo": "#890F02",
        "trans_bytes_eth0": "#7EB26D",
        "trans_bytes_lo": "#0A50A1",
        "trans_drop_eth0": "#99440A",
        "trans_drop_lo": "#967302",
        "trans_errs_eth0": "#BF1B00",
        "trans_errs_lo": "#890F02"
      },
      "bars": false,
      "dashLength": 10,
      "dashes": false,
      "datasource": "Prometheus",
      "description": "",
      "fill": 4,
      "fillGradient": 0,
      "gridPos": {
        "h": 4,
        "w": 6,
        "x": 0,
        "y": 22
      },
      "hiddenSeries": false,
      "id": 308,
      "legend": {
        "alignAsTable": false,
        "avg": false,
        "current": false,
        "hideEmpty": false,
        "hideZero": false,
        "max": false,
        "min": false,
        "rightSide": false,
        "show": false,
        "sort": "current",
        "sortDesc": true,
        "total": false,
        "values": false
      },
      "lines": true,
      "linewidth": 1,
      "links": [],
      "nullPointMode": "null as zero",
      "options": {
        "dataLinks": []
      },
      "percentage": false,
      "pointradius": 5,
      "points": false,
      "renderer": "flot",
      "seriesOverrides": [],
      "spaceLength": 10,
      "stack": false,
      "steppedLine": false,
      "targets": [
        {
          "expr": "rate(node_exec_context_switches_total{instance=~\"$instance:$port\"}[$interval])",
          "format": "time_series",
          "intervalFactor": 1,
          "legendFormat": "Context switches",
          "refId": "A",
          "step": 60
        }
      ],
      "thresholds": [],
      "timeFrom": null,
      "timeRegions": [],
      "timeShift": null,
      "title": "Context switches / sec $instance",
      "tooltip": {
        "shared": true,
        "sort": 2,
        "value_type": "individual"
      },
      "type": "graph",
      "xaxis": {
        "buckets": null,
        "mode": "time",
        "name": null,
        "show": true,
        "values": []
      },
      "yaxes": [
        {
          "format": "none",
          "label": null,
          "logBase": 1,
          "max": null,
          "min": null,
          "show": true
        },
        {
          "format": "pps",
          "label": "",
          "logBase": 1,
          "max": null,
          "min": null,
          "show": false
        }
      ],
      "yaxis": {
        "align": false,
        "alignLevel": null
      }
    },
    {
      "aliasColors": {
        "Recv_bytes_eth2": "#7EB26D",
        "Recv_bytes_lo": "#0A50A1",
        "Recv_drop_eth2": "#6ED0E0",
        "Recv_drop_lo": "#E0F9D7",
        "Recv_errs_eth2": "#BF1B00",
        "Recv_errs_lo": "#CCA300",
        "Trans_bytes_eth2": "#7EB26D",
        "Trans_bytes_lo": "#0A50A1",
        "Trans_drop_eth2": "#6ED0E0",
        "Trans_drop_lo": "#E0F9D7",
        "Trans_errs_eth2": "#BF1B00",
        "Trans_errs_lo": "#CCA300",
        "recv_bytes_lo": "#0A50A1",
        "recv_drop_eth0": "#99440A",
        "recv_drop_lo": "#967302",
        "recv_errs_eth0": "#BF1B00",
        "recv_errs_lo": "#890F02",
        "trans_bytes_eth0": "#7EB26D",
        "trans_bytes_lo": "#0A50A1",
        "trans_drop_eth0": "#99440A",
        "trans_drop_lo": "#967302",
        "trans_errs_eth0": "#BF1B00",
        "trans_errs_lo": "#890F02"
      },
      "bars": false,
      "dashLength": 10,
      "dashes": false,
      "datasource": "Prometheus",
      "description": "",
      "fill": 4,
      "fillGradient": 0,
      "gridPos": {
        "h": 4,
        "w": 6,
        "x": 6,
        "y": 22
      },
      "hiddenSeries": false,
      "id": 309,
      "legend": {
        "alignAsTable": false,
        "avg": false,
        "current": false,
        "hideEmpty": false,
        "hideZero": false,
        "max": false,
        "min": false,
        "rightSide": false,
        "show": false,
        "sort": "current",
        "sortDesc": true,
        "total": false,
        "values": false
      },
      "lines": true,
      "linewidth": 1,
      "links": [],
      "nullPointMode": "null as zero",
      "options": {
        "dataLinks": []
      },
      "percentage": false,
      "pointradius": 5,
      "points": false,
      "renderer": "flot",
      "seriesOverrides": [],
      "spaceLength": 10,
      "stack": false,
      "steppedLine": false,
      "targets": [
        {
          "expr": "rate(node_exec_device_interrupts_total{instance=~\"$instance:$port\"}[$interval])",
          "format": "time_series",
          "intervalFactor": 1,
          "legendFormat": "Device interrupts",
          "refId": "A",
          "step": 60
        }
      ],
      "thresholds": [],
      "timeFrom": null,
      "timeRegions": [],
      "timeShift": null,
      "title": "Device interrupts / sec $instance",
      "tooltip": {
        "shared": true,
        "sort": 2,
        "value_type": "individual"
      },
      "type": "graph",
      "xaxis": {
        "buckets": null,
        "mode": "time",
        "name": null,
        "show": true,
        "values": []
      },
      "yaxes": [
        {
          "format": "none",
          "label": null,
          "logBase": 1,
          "max": null,
          "min": null,
          "show": true
        },
        {
          "format": "pps",
          "label": "",
          "logBase": 1,
          "max": null,
          "min": null,
          "show": false
        }
      ],
      "yaxis": {
        "align": false,
        "alignLevel": null
      }
    },
    {
      "aliasColors": {
        "Recv_bytes_eth2": "#7EB26D",
        "Recv_bytes_lo": "#0A50A1",
        "Recv_drop_eth2": "#6ED0E0",
        "Recv_drop_lo": "#E0F9D7",
        "Recv_errs_eth2": "#BF1B00",
        "Recv_errs_lo": "#CCA300",
        "Trans_bytes_eth2": "#7EB26D",
        "Trans_bytes_lo": "#0A50A1",
        "Trans_drop_eth2": "#6ED0E0",
        "Trans_drop_lo": "#E0F9D7",
        "Trans_errs_eth2": "#BF1B00",
        "Trans_errs_lo": "#CCA300",
        "recv_bytes_lo": "#0A50A1",
        "recv_drop_eth0": "#99440A",
        "recv_drop_lo": "#967302",
        "recv_errs_eth0": "#BF1B00",
        "recv_errs_lo": "#890F02",
        "trans_bytes_eth0": "#7EB26D",
        "trans_bytes_lo": "#0A50A1",
        "trans_drop_eth0": "#99440A",
        "trans_drop_lo": "#967302",
        "trans_errs_eth0": "#BF1B00",
        "trans_errs_lo": "#890F02"
      },
      "bars": false,
      "dashLength": 10,
      "dashes": false,
      "datasource": "Prometheus",
      "description": "",
      "fill": 4,
      "fillGradient": 0,
      "gridPos": {
        "h": 4,
        "w": 6,
        "x": 12,
        "y": 22
      },
      "hiddenSeries": false,
      "id": 311,
      "legend": {
        "alignAsTable": false,
        "avg": false,
        "current": false,
        "hideEmpty": false,
        "hideZero": false,
        "max": false,
        "min": false,
        "rightSide": false,
        "show": false,
        "sort": "current",
        "sortDesc": true,
        "total": false,
        "values": false
      },
      "lines": true,
      "linewidth": 1,
      "links": [],
      "nullPointMode": "null as zero",
      "options": {
        "dataLinks": []
      },
      "percentage": false,
      "pointradius": 5,
      "points": false,
      "renderer": "flot",
      "seriesOverrides": [],
      "spaceLength": 10,
      "stack": false,
      "steppedLine": false,
      "targets": [
        {
          "expr": "rate(node_exec_software_interrupts_total{instance=~\"$instance:$port\"}[$interval])",
          "format": "time_series",
          "intervalFactor": 1,
          "legendFormat": "Software interrupts",
          "refId": "A",
          "step": 60
        }
      ],
      "thresholds": [],
      "timeFrom": null,
      "timeRegions": [],
      "timeShift": null,
      "title": "Software interrupts / sec $instance",
      "tooltip": {
        "shared": true,
        "sort": 2,
        "value_type": "individual"
      },
      "type": "graph",
      "xaxis": {
        "buckets": null,
        "mode": "time",
        "name": null,
        "show": true,
        "values": []
      },
      "yaxes": [
        {
          "format": "none",
          "label": null,
          "logBase": 1,
          "max": null,
          "min": null,
          "show": true
        },
        {
          "format": "pps",
          "label": "",
          "logBase": 1,
          "max": null,
          "min": null,
          "show": false
        }
      ],
      "yaxis": {
        "align": false,
        "alignLevel": null
      }
    },
    {
      "aliasColors": {
        "Recv_bytes_eth2": "#7EB26D",
        "Recv_bytes_lo": "#0A50A1",
        "Recv_drop_eth2": "#6ED0E0",
        "Recv_drop_lo": "#E0F9D7",
        "Recv_errs_eth2": "#BF1B00",
        "Recv_errs_lo": "#CCA300",
        "Trans_bytes_eth2": "#7EB26D",
        "Trans_bytes_lo": "#0A50A1",
        "Trans_drop_eth2": "#6ED0E0",
        "Trans_drop_lo": "#E0F9D7",
        "Trans_errs_eth2": "#BF1B00",
        "Trans_errs_lo": "#CCA300",
        "recv_bytes_lo": "#0A50A1",
        "recv_drop_eth0": "#99440A",
        "recv_drop_lo": "#967302",
        "recv_errs_eth0": "#BF1B00",
        "recv_errs_lo": "#890F02",
        "trans_bytes_eth0": "#7EB26D",
        "trans_bytes_lo": "#0A50A1",
        "trans_drop_eth0": "#99440A",
        "trans_drop_lo": "#967302",
        "trans_errs_eth0": "#BF1B00",
        "trans_errs_lo": "#890F02"
      },
      "bars": false,
      "dashLength": 10,
      "dashes": false,
      "datasource": "Prometheus",
      "description": "Number of fork() calls / sec",
      "fill": 4,
      "fillGradient": 0,
      "gridPos": {
        "h": 4,
        "w": 6,
        "x": 18,
        "y": 22
      },
      "hiddenSeries": false,
      "id": 310,
      "legend": {
        "alignAsTable": false,
        "avg": false,
        "current": false,
        "hideEmpty": false,
        "hideZero": false,
        "max": false,
        "min": false,
        "rightSide": false,
        "show": false,
        "sort": "current",
        "sortDesc": true,
        "total": false,
        "values": false
      },
      "lines": true,
      "linewidth": 1,
      "links": [],
      "nullPointMode": "null as zero",
      "options": {
        "dataLinks": []
      },
      "percentage": false,
      "pointradius": 5,
      "points": false,
      "renderer": "flot",
      "seriesOverrides": [],
      "spaceLength": 10,
      "stack": false,
      "steppedLine": false,
      "targets": [
        {
          "expr": "rate(node_exec_forks_total{instance=~\"$instance:$port\"}[$interval])",
          "format": "time_series",
          "intervalFactor": 1,
          "legendFormat": "Forks",
          "refId": "A",
          "step": 60
        }
      ],
      "thresholds": [],
      "timeFrom": null,
      "timeRegions": [],
      "timeShift": null,
      "title": "Exec forks() / sec $instance",
      "tooltip": {
        "shared": true,
        "sort": 2,
        "value_type": "individual"
      },
      "type": "graph",
      "xaxis": {
        "buckets": null,
        "mode": "time",
        "name": null,
        "show": true,
        "values": []
      },
      "yaxes": [
        {
          "format": "none",
          "label": null,
          "logBase": 1,
          "max": null,
          "min": null,
          "show": true
        },
        {
          "format": "pps",
          "label": "",
          "logBase": 1,
          "max": null,
          "min": null,
          "show": false
        }
      ],
      "yaxis": {
        "align": false,
        "alignLevel": null
      }
    },
    {
      "aliasColors": {
        "Recv_bytes_eth2": "#7EB26D",
        "Recv_bytes_lo": "#0A50A1",
        "Recv_drop_eth2": "#6ED0E0",
        "Recv_drop_lo": "#E0F9D7",
        "Recv_errs_eth2": "#BF1B00",
        "Recv_errs_lo": "#CCA300",
        "Trans_bytes_eth2": "#7EB26D",
        "Trans_bytes_lo": "#0A50A1",
        "Trans_drop_eth2": "#6ED0E0",
        "Trans_drop_lo": "#E0F9D7",
        "Trans_errs_eth2": "#BF1B00",
        "Trans_errs_lo": "#CCA300",
        "recv_bytes_lo": "#0A50A1",
        "recv_drop_eth0": "#99440A",
        "recv_drop_lo": "#967302",
        "recv_errs_eth0": "#BF1B00",
        "recv_errs_lo": "#890F02",
        "trans_bytes_eth0": "#7EB26D",
        "trans_bytes_lo": "#0A50A1",
        "trans_drop_eth0": "#99440A",
        "trans_drop_lo": "#967302",
        "trans_errs_eth0": "#BF1B00",
        "trans_errs_lo": "#890F02"
      },
      "bars": false,
      "dashLength": 10,
      "dashes": false,
      "datasource": "Prometheus",
      "description": "",
      "fill": 4,
      "fillGradient": 0,
      "gridPos": {
        "h": 4,
        "w": 12,
        "x": 0,
        "y": 26
      },
      "hiddenSeries": false,
      "id": 313,
      "legend": {
        "alignAsTable": false,
        "avg": false,
        "current": false,
        "hideEmpty": false,
        "hideZero": false,
        "max": false,
        "min": false,
        "rightSide": false,
        "show": false,
        "sort": "current",
        "sortDesc": true,
        "total": false,
        "values": false
      },
      "lines": true,
      "linewidth": 1,
      "links": [],
      "nullPointMode": "null as zero",
      "options": {
        "dataLinks": []
      },
      "percentage": false,
      "pointradius": 5,
      "points": false,
      "renderer": "flot",
      "seriesOverrides": [],
      "spaceLength": 10,
      "stack": false,
      "steppedLine": false,
      "targets": [
        {
          "expr": "rate(node_exec_traps_total{instance=~\"$instance:$port\"}[$interval])",
          "format": "time_series",
          "intervalFactor": 1,
          "legendFormat": "Traps",
          "refId": "A",
          "step": 60
        }
      ],
      "thresholds": [],
      "timeFrom": null,
      "timeRegions": [],
      "timeShift": null,
      "title": "Traps / sec $instance",
      "tooltip": {
        "shared": true,
        "sort": 2,
        "value_type": "individual"
      },
      "type": "graph",
      "xaxis": {
        "buckets": null,
        "mode": "time",
        "name": null,
        "show": true,
        "values": []
      },
      "yaxes": [
        {
          "format": "none",
          "label": null,
          "logBase": 1,
          "max": null,
          "min": null,
          "show": true
        },
        {
          "format": "pps",
          "label": "",
          "logBase": 1,
          "max": null,
          "min": null,
          "show": false
        }
      ],
      "yaxis": {
        "align": false,
        "alignLevel": null
      }
    },
    {
      "aliasColors": {
        "Recv_bytes_eth2": "#7EB26D",
        "Recv_bytes_lo": "#0A50A1",
        "Recv_drop_eth2": "#6ED0E0",
        "Recv_drop_lo": "#E0F9D7",
        "Recv_errs_eth2": "#BF1B00",
        "Recv_errs_lo": "#CCA300",
        "Trans_bytes_eth2": "#7EB26D",
        "Trans_bytes_lo": "#0A50A1",
        "Trans_drop_eth2": "#6ED0E0",
        "Trans_drop_lo": "#E0F9D7",
        "Trans_errs_eth2": "#BF1B00",
        "Trans_errs_lo": "#CCA300",
        "recv_bytes_lo": "#0A50A1",
        "recv_drop_eth0": "#99440A",
        "recv_drop_lo": "#967302",
        "recv_errs_eth0": "#BF1B00",
        "recv_errs_lo": "#890F02",
        "trans_bytes_eth0": "#7EB26D",
        "trans_bytes_lo": "#0A50A1",
        "trans_drop_eth0": "#99440A",
        "trans_drop_lo": "#967302",
        "trans_errs_eth0": "#BF1B00",
        "trans_errs_lo": "#890F02"
      },
      "bars": false,
      "dashLength": 10,
      "dashes": false,
      "datasource": "Prometheus",
      "description": "",
      "fill": 4,
      "fillGradient": 0,
      "gridPos": {
        "h": 4,
        "w": 12,
        "x": 12,
        "y": 26
      },
      "hiddenSeries": false,
      "id": 312,
      "legend": {
        "alignAsTable": false,
        "avg": false,
        "current": false,
        "hideEmpty": false,
        "hideZero": false,
        "max": false,
        "min": false,
        "rightSide": false,
        "show": false,
        "sort": "current",
        "sortDesc": true,
        "total": false,
        "values": false
      },
      "lines": true,
      "linewidth": 1,
      "links": [],
      "nullPointMode": "null as zero",
      "options": {
        "dataLinks": []
      },
      "percentage": false,
      "pointradius": 5,
      "points": false,
      "renderer": "flot",
      "seriesOverrides": [],
      "spaceLength": 10,
      "stack": false,
      "steppedLine": false,
      "targets": [
        {
          "expr": "rate(node_exec_system_calls_total{instance=~\"$instance:$port\"}[$interval])",
          "format": "time_series",
          "intervalFactor": 1,
          "legendFormat": "Syscalls",
          "refId": "A",
          "step": 60
        }
      ],
      "thresholds": [],
      "timeFrom": null,
      "timeRegions": [],
      "timeShift": null,
      "title": "System calls / sec $instance",
      "tooltip": {
        "shared": true,
        "sort": 2,
        "value_type": "individual"
      },
      "type": "graph",
      "xaxis": {
        "buckets": null,
        "mode": "time",
        "name": null,
        "show": true,
        "values": []
      },
      "yaxes": [
        {
          "format": "none",
          "label": null,
          "logBase": 1,
          "max": null,
          "min": null,
          "show": true
        },
        {
          "format": "pps",
          "label": "",
          "logBase": 1,
          "max": null,
          "min": null,
          "show": false
        }
      ],
      "yaxis": {
        "align": false,
        "alignLevel": null
      }
    }
  ],
  "refresh": "5s",
  "schemaVersion": 21,
  "style": "dark",
  "tags": [
    "System",
    "firewall",
    "pfsense",
    "freebsd"
  ],
  "templating": {
    "list": [
      {
        "allValue": null,
        "current": {
          "selected": true,
          "text": "10.10.10.54",
          "value": "10.10.10.54"
        },
        "datasource": "Prometheus",
        "definition": "label_values(node_time, instance)",
        "hide": 0,
        "includeAll": false,
        "label": "Host:",
        "multi": false,
        "name": "instance",
        "options": [],
        "query": "label_values(node_time, instance)",
        "refresh": 1,
        "regex": "(.+):\\d+",
        "skipUrlSync": false,
        "sort": 1,
        "tagValuesQuery": "",
        "tags": [],
        "tagsQuery": "",
        "type": "query",
        "useTags": false
      },
      {
        "allValue": null,
        "current": {
          "selected": true,
          "text": "9100",
          "value": "9100"
        },
        "datasource": "Prometheus",
        "definition": "label_values(node_time, instance)",
        "hide": 2,
        "includeAll": false,
        "label": "port",
        "multi": false,
        "name": "port",
        "options": [],
        "query": "label_values(node_time, instance)",
        "refresh": 1,
        "regex": "/[^:]+:(.*)/",
        "skipUrlSync": false,
        "sort": 0,
        "tagValuesQuery": "",
        "tags": [],
        "tagsQuery": "",
        "type": "query",
        "useTags": false
      },
      {
        "auto": true,
        "auto_count": 200,
        "auto_min": "1s",
        "current": {
          "selected": false,
          "text": "30s",
          "value": "30s"
        },
        "hide": 2,
        "label": "interval",
        "name": "interval",
        "options": [
          {
            "selected": false,
            "text": "auto",
            "value": "$__auto_interval_interval"
          },
          {
            "selected": true,
            "text": "30s",
            "value": "30s"
          },
          {
            "selected": false,
            "text": "1m",
            "value": "1m"
          },
          {
            "selected": false,
            "text": "5m",
            "value": "5m"
          },
          {
            "selected": false,
            "text": "1h",
            "value": "1h"
          },
          {
            "selected": false,
            "text": "6h",
            "value": "6h"
          },
          {
            "selected": false,
            "text": "1d",
            "value": "1d"
          }
        ],
        "query": "30s,1m,5m,1h,6h,1d",
        "refresh": 2,
        "skipUrlSync": false,
        "type": "interval"
      },
      {
        "allValue": null,
        "current": {
          "selected": true,
          "text": "All",
          "value": "$__all"
        },
        "datasource": "Prometheus",
        "definition": "",
        "hide": 2,
        "includeAll": true,
        "label": "cpus",
        "multi": false,
        "name": "cpus",
        "options": [],
        "query": "label_values(node_cpu_seconds_total{instance=~\"$instance:.+\",job=~\"node_$instance\"}, cpu)",
        "refresh": 1,
        "regex": "",
        "skipUrlSync": false,
        "sort": 3,
        "tagValuesQuery": "",
        "tags": [],
        "tagsQuery": "",
        "type": "query",
        "useTags": false
      },
      {
        "allValue": null,
        "current": {
          "text": "All",
          "value": [
            "$__all"
          ]
        },
        "datasource": "Prometheus",
        "definition": "",
        "hide": 2,
        "includeAll": true,
        "label": "mountpoint",
        "multi": true,
        "name": "mountpoint",
        "options": [],
        "query": "label_values(node_filesystem_size{instance=~\"$instance:$port\"}, mountpoint)",
        "refresh": 1,
        "regex": "",
        "skipUrlSync": false,
        "sort": 1,
        "tagValuesQuery": "",
        "tags": [],
        "tagsQuery": "",
        "type": "query",
        "useTags": false
      }
    ]
  },
  "time": {
    "from": "now-3h",
    "to": "now"
  },
  "timepicker": {
    "refresh_intervals": [
      "5s",
      "10s",
      "30s",
      "1m",
      "5m",
      "15m",
      "30m",
      "1h",
      "2h",
      "1d"
    ],
    "time_options": [
      "5m",
      "15m",
      "1h",
      "6h",
      "12h",
      "24h",
      "2d",
      "7d",
      "30d"
    ]
  },
  "timezone": "utc",
  "title": "Pfsense",
  "uid": "1U1DXvKmz",
  "version": 5
}